Предметы;Товары;Товары с движением;Товары с продажами;% товаров с движением;% товаров с продажами;Продажи;Выручка;Продавцы;Продавцы с продажами;% продавцов с продажами;Минимальная цена;Максимальная цена;Средняя цена;Медианная цена;Минимальная цена с продажами;Максимальная цена с продажами;Средняя цена с продажами;Медианная цена с продажами;Средний рейтинг;Средний % выкупа;Средний % выкупа с учетом возвратов
Дом / Наперники;2542;706;616;27,773406766325724;24,232887490165222;25343;10032546;180;85;47,22222222222222;0;19000;683,7714398111723;426;188;1855;450,16883116883116;380;4,722143195827407;96,52;96,19
Автомобильные товары / Подлокотники;8189;1215;879;14,836976431798755;10,733911344486506;6834;10085801;258;106;41,08527131782946;0;97000;2518,842471608255;2267;261;8067;1902,0250284414108;1897;4,200792602377807;90,47;88,42
Аксессуары / Бабочки;11814;4545;2763;38,471305231081764;23,3875063484002;22535;10101775;622;281;45,17684887459807;0;56250;728,1594718131031;524,5;118;5499;550,8226565327543;420;4,705996365838885;85,71;84,67
Садовая техника / Катушки для триммеров;2276;577;512;25,351493848857643;22,495606326889277;21198;10130799;404;170;42,07920792079208;50;14250;941,5026362038665;707;164;7102;725,904296875;594;4,228421970357454;96,17;95,61
Белье / Неглиже;1852;702;467;37,904967602591796;25,21598272138229;7172;10139832;229;110;48,03493449781659;59;18546;2303,035637149028;1713,5;59;7560;1897,473233404711;1523;4,15874079035499;70,03;69,97
Для праздника / Карнавальные очки;2235;735;544;32,88590604026845;24,340044742729305;24909;10230486;417;186;44,60431654676259;0;44485;542,7539149888144;391;68;5625;458,8382352941176;409;4,360518292682927;90,72;90
Смартфоны и аксессуары / Чехлы-бамперы для телефонов;21598;6682;3683;30,938049819427725;17,052504861561257;25177;10268069;644;278;43,16770186335403;50;100000;561,7108065561627;390;50;9630;523,4982351344013;370;4,514614382867892;93,03;92,29
Товары для малышей / Накладки на соски;573;239;208;41,71029668411867;36,3001745200698;27292;10293099;201;95;47,26368159203981;60;19000;1122,303664921466;604;180;2720;565,0961538461538;389;4,308641975308642;95,81;95,79
Красота / Клей для ламинирования ресниц;743;302;272;40,646029609690444;36,60834454912517;13990;10386248;163;85;52,147239263803684;126;10314;1085,4051144010766;751;126;6140;1009,8566176470588;709;4,193293885601578;95,84;95,73
Товары для малышей / Органайзеры на коляску;1361;562;420;41,29316678912564;30,85966201322557;8623;10425399;313;132;42,17252396166134;191;19000;1871,5944158706834;1172;191;5229;1377,0333333333333;1157;4,64576802507837;82,87;79,84
Аксессуары / Митенки;5485;2407;1281;43,88331814038286;23,354603463992706;31611;10459429;566;264;46,64310954063604;44;14490;1101,076937101185;702;100;9405;762,2037470725995;506;4,638548752834467;93,72;93,39
Красота / Пинцеты для наращивания ресниц;3847;1445;1105;37,561736417988044;28,72368079022615;20431;10526702;383;182;47,51958224543081;50;19000;861,4517806082662;741;89;4003;782,3113122171945;659;4,060419681620839;90,08;89,99
Продукты / Закваски;2253;559;513;24,811362627607632;22,769640479360852;38658;10527625;133;64;48,1203007518797;50;39000;1142,9374167776298;462;56;8332;425,94736842105266;308;4,441152922337871;98,97;98,92
Спецодежда и СИЗы / Тапочки одноразовые;2050;694;541;33,853658536585364;26,390243902439025;17526;10544568;362;150;41,43646408839779;50;51127;1607,429756097561;660;50;10399;871,7116451016636;510;4,343002175489485;95,24;95,2
Ювелирные украшения / Ювелирные шармы;7504;2583;1698;34,42164179104477;22,627931769722814;9648;10598726;103;52;50,48543689320388;199;38500;2288,4548240938166;1390;362;22140;1742,902237926973;1144,5;4,724092284417549;91,52;91,45
Белье / Пояса для чулок;2828;1007;655;35,60820367751061;23,16124469589816;14380;10629858;440;207;47,04545454545454;63;50000;2032,5116690240452;994,5;137;8532;965,2717557251908;699;4,549659863945578;86,99;86,93
Красота / Прокладки от пота;1278;638;566;49,92175273865415;44,28794992175274;30922;10642194;386;172;44,55958549222798;48;19000;626,4874804381847;369;50;3791;489,386925795053;320;4,508413461538462;97,12;97,12
Рукоделие / Формы для свечей;6026;2641;1764;43,82675074676403;29,273149684699636;16607;10659029;290;156;53,793103448275865;60;19000;1155,425323597743;957;97;6574;1012,3871882086167;855,5;4,763503000666815;93,11;92,58
Спортивный товар / Велокамеры;6136;1286;989;20,958279009126468;16,11799217731421;32576;10692644;340;155;45,588235294117645;38;49500;1868,0461212516298;500;94;3562;442,90798786653187;360;4,260448916408668;96,18;96,01
Автомобильные товары / Уплотнители автомобильные;5611;904;683;16,111210122972732;12,172518267688469;19135;10749682;279;113;40,50179211469534;50;97000;2159,831224380681;641;130;4730;738,4377745241582;529;4,444130925507901;95,29;94,71
Спортивная обувь / Чешки;2592;1271;926;49,035493827160494;35,7253086419753;23657;10828764;413;221;53,51089588377724;0;82000;642,2939814814815;419;0;4698;513,4665226781857;476;4,289739500265816;64,79;60,46
Спортивный товар / Карабины;5119;1719;1275;33,580777495604615;24,907208439148274;38481;10832285;515;230;44,66019417475728;50;76000;732,3889431529595;361;68;6281;381,2470588235294;279;4,678809244026636;94,52;94,29
Обувь / Сноубутсы;3738;1471;843;39,3525949705725;22,552166934189405;7539;10908088;239;103;43,096234309623426;122;45000;1799,2926698769395;1399;217;11381;1741,7841043890867;1520;4,312711603570329;69,35;66,34
Аксессуары / Веера;6040;1282;1057;21,225165562913908;17,5;28918;10916678;445;184;41,348314606741575;52;76000;624,1417218543046;293;54;3365;458,45979186376536;315;4,188170701272773;93,05;92,68
Красота / Краски для тату;4003;500;405;12,490632025980513;10,117411941044217;9818;11170170;90;42;46,666666666666664;150;31510;1724,8783412440669;1385;193;13846;1437,911111111111;931;4,3593339176161265;93,88;93,83
Товары для малышей / Грелки детские;885;314;268;35,48022598870057;30,282485875706215;16042;11368649;178;72;40,449438202247194;182;19000;971,9627118644067;686;182;4750;676,6156716417911;599;4,499176276771005;95,24;95,07
Садовая техника / Запчасти для садовой техники;26295;3697;2529;14,059707168663245;9,61779806046777;22278;11374849;459;223;48,5838779956427;105;130000;1143,2760220574253;662;107;22300;835,6085409252669;550;4,279953167685703;94,88;94,24
Дом / Свечи религиозные;6206;2035;1541;32,79084756687077;24,830808894618112;29396;11422209;477;191;40,04192872117401;50;66500;773,7259104092814;439;75;6988;447,23750811161585;355;4,684640940454894;96,58;96,58
Аксессуары для малышей / Повязки на голову для малышей;8156;3519;2144;43,14615007356547;26,287395782246197;29725;11444113;684;333;48,68421052631579;0;19000;440,12444825895045;349;57;2000;393,28125;360;4,776472316052284;87,14;85,85
Здоровье / Бинты эластичные медицинские;3298;1219;998;36,96179502728927;30,260764099454217;40627;11527448;326;151;46,31901840490798;50;49500;582,5942995755003;367;78;3828;393,8867735470942;306,5;4,665951742627346;96,21;96,13
Здоровье / Бандажи послеоперационные;1564;737;474;47,12276214833759;30,30690537084399;7240;11558003;190;108;56,8421052631579;97;20054;2303,333120204604;2197;237;7590;2071,3227848101264;1984;4,341176470588235;79,33;75,67
Для праздника / Конверты для денег;15943;3729;2254;23,389575362227937;14,137866148152794;39645;11560590;681;274;40,23494860499266;0;19000;1615,0176880135482;345;50;2917;257,7941437444543;231;4,726937269372693;94,46;94,19
Рукоделие / Пуговицы;30203;9875;5752;32,69542760652916;19,044465781544883;42991;11591565;646;385;59,59752321981424;0;156226;440,1694533655597;299;50;3714;319,6710709318498;273;4,7003928028383175;91,78;91,15
Аксессуары / Чехлы для брелоков автомобильной сигнализации;7319;2937;2144;40,12843284601722;29,293619346905317;33584;11711674;222;125;56,306306306306304;0;100002;1059,7674545702964;500;50;5010;549,8922574626865;275;4,5852617389350705;94,2;93,35
Спортивный товар / Седла велосипедные;4242;941;622;22,18293257897218;14,662894860914662;11334;11732840;303;149;49,17491749174918;58;95100;3330,0233380480904;1202,5;249;49500;1334,7234726688102;932,5;4,5436013590033975;92,39;91,89
Профессиональные музыкальные инструменты / Струны;19645;1295;860;6,592008144566048;4,377704250445406;24338;11885531;236;118;50;50;230458;2193,6629167727156;1395;77;8517;769,8302325581395;477;4,509905813575837;95,26;94,93
Товары для малышей / Комплекты в коляску;1082;467;369;43,160813308687615;34,10351201478743;15291;11929728;110;50;45,45454545454545;307;87560;1561,2957486136784;965;319;5900;1010,479674796748;843;4,736596736596737;93,28;92,84
Здоровье / Бюстгальтеры ортопедические;612;399;337;65,19607843137254;55,06535947712418;5228;11991169;95;49;51,578947368421055;63;9125;2507,1830065359477;2125,5;242;8590;2681,9376854599404;2290;4,527494908350305;63,6;59,95
Красота / Пробники парфюмерные;34724;5121;3517;14,747724916484275;10,128441423799101;25071;12125938;473;279;58,98520084566596;67;18990;869,643186268863;546;98;4666;585,8296843901052;436;4,1678606001936105;96,35;96,28
Товары для малышей / Конверты для пеленания;3343;1290;963;38,588094525874965;28,806461262339216;19434;12134861;331;156;47,12990936555891;0;28500;1015,7313790008974;765;220;4850;827,1142263759086;697;4,573787772312017;92,43;91,9
Красота / Тележки парикмахерские;1042;333;275;31,95777351247601;26,391554702495203;5229;12226932;117;59;50,42735042735043;150;26000;5223,584452975048;4280,5;350;16170;4245,218181818182;2940;4,202334630350195;91,16;90,54
Спортивный товар / Ремни тактические;2795;979;750;35,0268336314848;26,833631484794275;18744;12263461;427;201;47,07259953161593;35;16150;1127,539534883721;780;162;7645;896,936;659;4,630594900849858;93,92;93,37
Периферия и аксессуары / Защита проводов;2800;955;802;34,107142857142854;28,642857142857142;34312;12318340;172;84;48,83720930232558;50;12029;482,2496428571429;243;95;2875;357,0586034912718;280;4,672952853598015;94,85;94,66
Спортивная одежда / Лонгсливы спортивные;2250;1006;681;44,71111111111111;30,266666666666666;6119;12435934;352;151;42,89772727272727;78;19190;2648,6693333333333;2192;325;17480;2423,064610866373;2025;4,525618883131837;63,33;60,08
Красота / Футляры для зубных щеток;3477;1251;1061;35,9792924935289;30,51481161921196;52935;12543592;667;278;41,67916041979011;0;14250;435,2507909117055;272;0;10000;321,19132893496703;267;4,491417165668663;94,15;93,83
Спортивная одежда / Вейдерсы;341;158;119;46,334310850439884;34,89736070381232;1895;12546179;86;46;53,48837209302326;1200;79590;14904,448680351907;13590;1200;79590;14113,42857142857;13199;4,538011695906433;69,14;66,58
Красота / Менструальные чаши;3570;1080;749;30,252100840336134;20,980392156862745;21612;12757024;650;264;40,61538461538461;0;19999;978,318487394958;701;0;4121;690,3150867823765;477;4,578661844484629;95,84;95,83
Бижутерия / Шнурки для кулонов;3022;1277;1052;42,25678358702846;34,811383189940436;46464;12843132;312;163;52,243589743589745;0;18451;544,7809397749835;287;14;5796;305,5294676806084;217;4,508728179551122;92,05;91,65
Спецодежда и СИЗы / Куртки рабочие;3521;996;591;28,287418347060495;16,785004260153364;6941;12876465;253;144;56,916996047430835;0;30983;4366,406702641295;4160;20;21997;3008,7495769881557;2520;4,467729083665339;76,02;73,63
Спортивный товар / Сигнализаторы клева;2951;897;711;30,396475770925107;24,093527617756692;17356;12879436;391;169;43,22250639386189;50;56775;1812,3896984073197;499;90;14789;1212,0956399437412;391;4,553854007146503;95,4;95,02
Красота / Межзубные ершики;1830;657;601;35,90163934426229;32,84153005464481;35515;12879945;332;167;50,30120481927711;7;19000;751,1945355191257;512;126;2275;514,1946755407654;420;4,501246882793017;96,48;96,45
Рукоделие / Лапки для швейных машин;2790;1327;1033;47,56272401433692;37,02508960573477;30389;12891863;229;146;63,75545851528384;50;38000;1192,9702508960575;547;116;7315;554,5963213939981;388;4,679178885630498;96,21;95,79
Дом / Иконы;23098;4990;2814;21,603602043466967;12,18287297601524;19491;13009049;374;161;43,04812834224599;0;424860;3355,70088319335;1108;83;71175;1364,2928216062544;702,5;4,7929527207850136;96,67;96,42
Ювелирные украшения / Ювелирные броши;9315;3103;1394;33,3118625872249;14,965110037573805;7085;13030877;294;146;49,65986394557823;162;325969;6725,208910359635;3081,5;162;90646;3341,1133428981348;1925;4,686497792237973;89,01;88,98
Спортивные аксессуары / Защита тела;4307;1341;762;31,13536104016717;17,692129092175527;5284;13146611;558;254;45,51971326164875;0;106449;5310,717901091247;2422;254;52000;4017,297900262467;1955,5;4,277334851936219;74,28;71,35
Спортивная одежда / Бриджи спортивные;1162;523;388;45,00860585197935;33,39070567986231;7389;13157135;346;144;41,61849710982659;0;19000;1839,6790017211704;1034,5;0;9590;2198,592783505155;1117,5;4,353483606557377;75,54;73,21
Мебель / Накладки-протекторы для мебели;6324;1860;1469;29,41176470588235;23,22896900695762;55849;13217139;593;252;42,49578414839798;50;22320;531,1519607843137;302;73;5155;317,06535057862493;238;4,543371522094926;95,75;94,73
Спортивная обувь / Борцовки;967;536;394;55,429162357807655;40,74457083764219;5097;13218471;135;83;61,48148148148148;332;60091;3666,46949327818;2520;862;5990;2657,289340101523;2523,5;4,4260731319554845;66,72;64,12
Периферия и аксессуары / Держатели проводов;4159;1326;1051;31,88266410194758;25,270497715797063;36549;13221807;906;364;40,1766004415011;10;28324;621,4979562394807;294;71;3600;400,185537583254;249;4,524151696606786;96,49;96,27
Спортивный товар / Приманки мягкие;49940;8019;4911;16,05726872246696;9,833800560672808;39642;13323020;447;249;55,70469798657719;0;47500;482,97661193432117;378;80;9999;339,12746894726126;284;4,6428999677166445;94,88;94,73
Красота / Атомайзеры;4216;1634;1359;38,75711574952562;32,23434535104364;52981;13418609;348;163;46,839080459770116;50;25200;551,9022770398482;336;95;3397;400,64606328182487;300;4,562650188808788;95,28;95,21
Одежда для малышей / Туники для малышей;977;533;328;54,554759467758444;33,57215967246674;12171;13593450;236;98;41,525423728813564;0;5800;1150,4022517911976;1060;165;3276;1158,621951219512;1124,5;4,632791327913279;82,65;81,63
Канцелярские товары / Таблички информационные;41742;5964;3612;14,287767715969526;8,653155095587177;18517;13701331;760;332;43,684210526315795;0;101000;952,5681807292415;654,5;50;101000;777,6220930232558;434;4,735487223088187;92,65;92,02
Товары для взрослых / Трусы эротик;14091;2527;1502;17,93343268753105;10,659286069122135;34816;13896178;656;275;41,920731707317074;59;99999;1126,8038464267972;891;59;4160;502,4467376830892;425;4,376346844535659;91,9;91,85
Дом / Держатели для простыни;990;444;406;44,848484848484844;41,01010101010101;51672;13935269;402;174;43,28358208955224;50;16050;462,56666666666666;319;107;2833;370,5418719211823;294;4,661407766990291;97,26;97,08
Посуда и инвентарь / Комплектующие для дистиллятора;6974;1856;1378;26,61313449956983;19,75910524806424;13213;13951915;223;123;55,15695067264574;75;74820;2487,5506165758534;1310;110;29033;1772,6088534107403;991,5;4,530390417036379;94,51;94,09
Рукоделие / Наборы для вязания;15803;3626;2555;22,945010441055494;16,167816237423274;29906;14054755;736;326;44,29347826086956;36;41449;1191,9062836170347;535,5;73;23112;691,5479452054794;445;4,729639092941552;96,88;96,85
Продукты / Грибы;2230;770;652;34,52914798206278;29,237668161434975;19084;14131378;479;204;42,58872651356994;55;48171;1157,5076233183856;768,5;55;5099;889,4340490797546;726;4,564634146341463;97,34;97,12
Одежда / Шорты пижамные;2312;1084;829;46,88581314878893;35,85640138408304;20555;14151118;364;179;49,175824175824175;66;13200;1038,1349480968859;728;66;5943;968,021712907117;693;4,6357918810749;82,09;80,78
Красота / Пеньюары парикмахерские;2500;972;794;38,88;31,76;33369;14153270;413;190;46,00484261501211;50;12350;941,5616;679,5;117;4320;749,9471032745591;575,5;4,615072463768116;95,5;95,27
Рукоделие / Фурнитура для игрушек;9640;3041;2317;31,54564315352697;24,035269709543567;51946;14355250;296;172;58,10810810810811;58;199000;625,283091286307;360,5;69;2470;323,43547690979716;246;4,640285071267817;96,38;96,18
Хранение вещей / Разделители для ящиков;3599;1033;802;28,702417338149484;22,283967768824674;32082;14397243;548;230;41,97080291970803;0;19000;904,2322867463184;586;50;3600;593,4364089775561;504;4,529548627268497;95,74;94,88
Аксессуары / Кредитницы;12200;5366;2946;43,98360655737705;24,147540983606557;31265;14561995;837;347;41,457586618876945;50;32332;974,3754098360656;480;81;9790;659,3747454175153;436;4,795988785852922;92,28;91,75
Спецодежда и СИЗы / Халаты рабочие;4285;1400;1002;32,67211201866978;23,383897316219368;18963;14635619;233;108;46,3519313304721;51;25532;1661,579463243874;1439;157;5475;970,4560878243512;741;4,573248407643312;76,57;73,46
Мебель / Стулья барные;2894;459;331;15,860400829302003;11,437456807187283;2787;14692121;124;58;46,774193548387096;1950;58578;8385,861782999309;7288;1950;28352;5993,918429003021;4817;4,431590656284761;87,71;83,85
Все для садоводства / Колышки садовые;3227;1013;872;31,39138518748063;27,022001859312052;33635;14773500;494;208;42,10526315789473;50;83580;987,2240471025721;650;98;3690;716,1938073394496;539;4,654496883348174;96,23;96,02
Бытовая техника / Насадки для пылесосов;5844;1169;884;20,003422313483917;15,12662559890486;23268;14832165;426;180;42,25352112676057;50;133650;1792,611054072553;1006,5;50;15926;1138,4762443438915;669,5;4,335751295336787;93,97;92,37
Хранение вещей / Мешки для хранения белья;3446;1149;888;33,34300638421358;25,769007544979686;28508;14899081;626;258;41,21405750798722;50;30190;820,4381892048752;550;50;4084;582,3288288288288;459;4,596568236233041;95,61;95,18
Спортивная одежда / Джерси;1825;976;671;53,47945205479452;36,76712328767123;6966;14918423;124;75;60,483870967741936;484;23750;4340,267397260274;3511;627;19710;3060,682563338301;2400;4,555454545454546;66,07;62,04
Одежда для малышей / Шорты для малышей;5257;2472;1622;47,02301692980787;30,854099296176525;25085;14994215;776;346;44,58762886597938;0;19000;997,5223511508465;597;82;4200;800,8236744759556;570;4,67382472431805;84,98;83,71
Белье / Бретели;1480;723;652;48,85135135135135;44,05405405405405;66950;15071915;319;152;47,64890282131662;40;14250;377,47972972972974;247;80;2599;324,97546012269936;274;4,3982683982683985;93,24;93,23
Спортивная одежда / Костюмы-сауна;651;329;276;50,53763440860215;42,3963133640553;8175;15083476;230;121;52,608695652173914;253;15000;1888,3748079877112;1399;300;6999;1987,981884057971;1783;4,216035634743875;69,64;67,48
Аксессуары / Воротники;5242;2799;1873;53,395650515070585;35,730637161388785;22152;15163365;691;365;52,821997105643995;64;45760;1784,2052651659671;999;147;24455;1068,501868659904;765;4,595842397872855;80,99;78,92
Ювелирные украшения / Столовое серебро;4015;1111;577;27,67123287671233;14,371108343711084;3611;15326078;84;43;51,19047619047619;285;449999;17921,15915317559;7890;327;195000;8628,818024263432;4596;4,695224027572625;86,95;86,86
Аксессуары для малышей / Чепчики;5437;2307;1724;42,43148795291521;31,708662865550856;34609;15367447;507;248;48,91518737672583;50;19000;506,5245539819754;307;57;3408;423,8544083526682;354;4,697821350762527;90,95;90,83
Белье / Комбинации;1307;628;517;48,04896710022953;39,55623565416985;11238;15401273;257;125;48,63813229571985;100;33408;2001,6052027543994;1584;356;11392;1663,7736943907157;1415;4,334816462736374;69,44;69,25
Канцелярские товары / Бейджи;26256;5435;3604;20,700030469226082;13,726386349786715;71104;15466046;972;407;41,87242798353909;25;38106;524,7182358318099;279;51;4365;294,8224195338513;250;4,569029364210087;95,32;95,15
Мебель / Модули кухонные;6000;1314;1074;21,9;17,9;4366;15754618;78;47;60,256410256410255;144;24640;4455,078;4113;216;19287;3841,5530726256984;3545;4,2627056223913575;88,77;87,99
Красота / Гель-краски для ногтей;6235;2354;1611;37,75461106655974;25,838011226944666;42774;16052852;438;191;43,60730593607306;57;14250;450,6601443464314;357;76;5141;369,42085661080074;297;4,352216748768473;96;96
Хозяйственные товары / Саше ароматические;8884;2235;1621;25,157586672669968;18,24628545700135;46938;16077314;1031;423;41,028128031037824;0;19000;551,8259792886088;389;52;3500;380,42196175200496;331;4,443930917051812;95,9;95,75
Дом / Фильтры для заваривания напитков;1506;716;642;47,54316069057105;42,62948207171315;54662;16109053;470;234;49,78723404255319;55;19000;815,324037184595;381,5;105;1940;371,2601246105919;321,5;4,707272727272727;97,69;97,56
Аксессуары / Цепочки для очков;8673;3006;1897;34,65928744379107;21,872477804681193;55208;16110292;805;385;47,826086956521735;0;34595;852,1411276374956;430;90;7899;601,1997891407485;380;4,505810092961488;91,54;91,16
Одежда / Мантии;901;428;340;47,502774694783575;37,735849056603776;4771;16159522;200;96;48;51;16906;3611,42397336293;3153;598;12040;3974,7029411764706;3657;4,614678899082569;59,51;56,91
Спортивный товар / Ласты;2895;1090;807;37,65112262521589;27,875647668393782;7282;16162009;282;128;45,39007092198582;0;49500;4343,551295336788;2597;339;15319;2862,5105328376703;2252;4,457331730769231;77,49;74,7
Рукоделие / Воски для свечей;4639;1268;1005;27,333477042466047;21,66415175684415;18989;16176255;428;191;44,626168224299064;50;25000;902,8948049148523;580;103;9499;894,2288557213931;639;4,353323029366306;93,72;93,47
Спортивная одежда / Платья спортивные;2434;1228;730;50,4519309778143;29,991783073130648;5129;16188453;396;205;51,76767676767677;125;115000;4196,94083812654;3040;525;11333;3518,4260273972604;2805;4,529893924783028;56,91;53,15
Рукоделие / Спицы для вязания;25604;6430;3286;25,113263552569908;12,833932198094047;26963;16202774;423;223;52,718676122931434;0;35456;1159,076159975004;771;54;35456;795,2942787583688;456;4,5394032134659525;94,42;93,94
Рукоделие / Заготовки для поделок;48633;11635;6553;23,92408446939321;13,474389817613554;53692;16283696;1988;851;42,80684104627767;0;48602;652,6270639277857;370;50;4479;358,2565237295895;290;4,586219081272085;94,18;93,48
Садовая техника / Аксессуары для моек высокого давления;1887;567;501;30,047694753577105;26,55007949125596;13369;16372225;250;104;41,6;0;97000;3490,6862745098038;2240;172;10353;1930,820359281437;1772;4,343638525564804;93;91,41
Красота / Праймеры для ногтей;1781;592;537;33,23975294778215;30,151600224592926;60691;16684502;506;247;48,81422924901186;65;19000;635,0595171252105;394;69;2760;379,04283054003724;315;4,431749241658241;96,27;96,2
Головные уборы / Капоры;11355;5534;2453;48,73623954205196;21,602818141787758;11951;16723930;1377;590;42,846768336964416;50;95000;2177,318978423602;1484;50;22000;1697,9677945373012;1304;4,739955357142857;68,51;64,82
Здоровье / Бинты медицинские;5826;1241;946;21,301064194987987;16,237555784414692;35450;16751299;774;344;44,44444444444444;0;99999;996,6817713697219;509;75;18880;748,8509513742072;438,5;4,483089930822445;95,89;95,85
Спортивный товар / Кормушки рыболовные;12466;2685;2066;21,538584951066902;16,573078774266005;36730;16768685;481;243;50,519750519750524;51;85000;664,7366436707846;430,5;82;4095;513,4365924491772;400;4,528641571194763;95,8;95,69
Товары для взрослых / Насадки на член;14907;1002;732;6,721674381163212;4,910444757496478;30951;16849205;497;202;40,64386317907445;0;73016;1395,29261420809;1041;75;5139;660,5450819672132;518;3,9384449244060473;94,33;94,28
Дом / Монеты сувенирные;44795;3979;3015;8,882687799977676;6,7306619042303835;45315;16867152;384;164;42,708333333333336;33;467500;1662,5329835919188;530;60;24889;501,51608623548924;291;4,802891607494225;96,27;96,2
Красота / Твердые шампуни;2301;994;879;43,19860930030421;38,20078226857888;42164;16904730;550;224;40,72727272727273;50;6800;622,4485006518905;477;148;1992;492,7007963594994;429;4,630068621334997;97,58;97,57
Хранение вещей / Кармашки в шкафчик;5040;2654;1862;52,65873015873016;36,94444444444444;32461;17064654;336;139;41,36904761904762;30;28500;880,2857142857143;648;109;2135;623,8098818474758;705;4,8761363636363635;95,03;94,72
Одежда для малышей / Джинсы для малышей;3709;1394;959;37,58425451604206;25,856025882987325;12530;17292782;532;217;40,78947368421053;117;38000;3930,9884065785927;1543;360;5690;1463,4316996871742;1350;4,624392614188532;62,68;57,38
Товары для малышей / Держатели для пустышек;17505;6567;4052;37,514995715509855;23,147672093687515;44160;17358963;506;228;45,05928853754941;50;49500;1033,0503284775778;771,5;80;2958;764,4274432379073;749;4,86478122582309;94,86;94,84
Дом / Стопперы;6423;1909;1472;29,721314027712904;22,91763973221236;64238;17368467;847;366;43,21133412042503;50;19000;750,9543826872178;373;51;6965;380,4728260869565;289;4,5446610416060516;96;95,38
Спецодежда и СИЗы / Полукомбинезоны рабочие;1908;586;392;30,712788259958074;20,545073375262056;16068;17633130;191;115;60,20942408376963;352;14186;3025,6090146750525;2457,5;554;13665;1899,8545918367347;1514;4,559477124183006;75,98;72,11
Красота / Гидролаты;4999;1505;1338;30,106021204240847;26,765353070614122;39370;17699274;567;237;41,7989417989418;50;10368;548,1850370074014;421;120;8385;480,06651718983557;398;4,4703799098519;96,8;96,71
Красота / Уход за зубными протезами;1948;455;387;23,357289527720738;19,866529774127308;26129;17825834;239;99;41,42259414225941;50;48312;1052,0939425051336;615,5;104;9200;626,0439276485788;460;4,542483660130719;97,74;97,72
Спецодежда и СИЗы / Рубашки рабочие;913;648;514;70,97480832420591;56,29791894852136;8348;17833336;122;80;65,57377049180327;315;11988;2851,5060240963853;2388;315;11988;2749,4377431906614;2121,5;4,424694708276798;68,92;66,41
Здоровье / Компрессионные гольфы;2702;1068;790;39,52627683197631;29,23760177646188;20581;17878153;328;136;41,463414634146346;58;19000;1548,941894892672;1193;186;7750;1197,2037974683544;932,5;4,157115260785576;92,14;91,86
Белье / Бандалетки;759;386;337;50,85638998682477;44,400527009222664;43077;18245073;215;117;54,418604651162795;57;10000;660,3570487483531;459;80;2100;512,0860534124629;432;4,018998272884283;89,17;89,17
Спортивная одежда / Кимоно спортивное;2233;1168;694;52,3063143752799;31,079265562024187;6385;18315554;284;158;55,63380281690141;0;237500;4137,982086878638;2961;500;16500;3575,315561959654;2840;4,297691373025517;64,71;61,2
Красота / Сменные файлы для пилок;6096;1782;1460;29,23228346456693;23,9501312335958;45637;18463318;245;110;44,897959183673464;55;19000;582,011811023622;415;77;6414;485,8095890410959;401;4,318768096867597;95,96;95,95
Книжная продукция и диски / Книги-комиксы;12565;2073;1481;16,498209311579785;11,786709112614405;25908;18696162;193;78;40,41450777202073;0;7430;846,7510545165142;742;71;5999;791,1404456448346;750;4,78656914893617;94,61;94,51
Аксессуары / Фата;2033;1442;1165;70,92966060009839;57,30447614363011;20620;18917440;167;126;75,44910179640719;139;13600;1431,007378258731;1127;153;8000;1261,4875536480686;1065;4,526315789473684;67,17;61,59
Одежда для малышей / Распашонки;5171;1743;1320;33,707213304970026;25,52697737381551;30388;19166631;553;240;43,399638336347195;0;12350;520,4047573003288;405;130;5880;568,5765151515152;454,5;4,626070409134158;91,75;91,65
Товары для животных / Комбинезоны для животных;12787;5649;2349;44,17768045671385;18,3702197544381;16446;19181071;675;333;49,333333333333336;0;33333;1953,594353640416;1738;0;7803;1729,6704980842912;1465;4,726901164230864;60,77;49,67
Одежда / Килты банные;7877;2225;1590;28,246794464897807;20,185349752443823;19660;19184388;604;260;43,04635761589404;0;30000;1702,4509330963565;1500;294;6126;1211,9968553459119;999;4,597517730496454;91,23;90,32
Хранение вещей / Держатели для украшений;7641;2206;1608;28,87056667975396;21,04436592069101;26909;19207405;896;375;41,85267857142857;0;98756;1155,1955241460541;858;93;10490;816,1480099502487;595;4,471342383107089;91,81;91,15
Ювелирные украшения / Ювелирные шнурки;1689;1040;643;61,5748963883955;38,06986382474837;9050;19227374;131;81;61,83206106870229;175;50442;3264,6246299585555;1440;348;35231;2944,2752721617417;1326;4,444260941370768;80,76;80,57
Шторы и аксессуары / Подхваты;12217;3384;2374;27,699107800605713;19,431939101252354;65465;19254497;590;253;42,881355932203384;0;22610;685,3098960464926;424;111;4015;450,2902274641954;350;4,64178135549208;93,46;92,49
Спортивная одежда / Кофты спортивные;2016;974;709;48,31349206349206;35,16865079365079;8154;19328921;358;158;44,134078212290504;50;50000;2807,284722222222;2078,5;94;15705;2475,9703808180534;1989;4,53030303030303;63,54;60,97
Рукоделие / Органайзеры для вышивки;5325;1554;1191;29,183098591549296;22,366197183098592;59507;19380093;745;326;43,758389261744966;50;19971;636,595117370892;426;60;6210;596,7271200671704;358;4,618588747280074;95,16;94,89
Смартфоны и аксессуары / Чехлы-книжки для телефонов;143721;12758;5868;8,876921257157965;4,082910639363767;51952;19453555;369;187;50,67750677506775;0;680657;467,7634027038498;378;52;6105;451,15456714383095;410;4,3873396620896195;94,32;93,37
Спортивная одежда / Гидромайки;530;271;257;51,132075471698116;48,49056603773585;6877;19825426;50;35;70;607;20708;3163,0283018867926;2793;633;8109;3109,3229571984434;2925;4,740196078431373;64,27;59,67
Сантехника / Шкафы для ванной комнаты;3589;516;423;14,377263861799944;11,786012816940652;7627;20040062;178;87;48,87640449438202;239;322908;9113,02479799387;6703;746;21318;4711,5011820330965;4275;4,222908478382931;92,32;90,92
Спортивный товар / Аксессуары для лодок;13208;1548;1239;11,720169594185341;9,380678376741368;14052;20143605;334;160;47,90419161676647;106;248011;6764,047546941248;3006,5;115;149250;2820,857949959645;1688;4,594163132950861;90,35;88,72
Ювелирная бижутерия / Браслеты ювелирная бижутерия;16066;6043;3177;37,613593925059135;19,774679447279972;24637;20314174;1454;591;40,646492434663;50;86640;1817,0822855720155;1056;90;29900;1440,7535410764872;918;4,522912667946257;84,27;84,01
Аксессуары / Портупеи;4425;2008;1403;45,378531073446325;31,706214689265536;27887;20391452;904;425;47,01327433628319;50;58615;1342,4350282485875;900;81;4140;903,0890947968638;750;4,596529968454258;82,77;81,56
Автомобильные товары / Рамки для номеров;10102;3057;2264;30,261334389229855;22,411403682439122;32919;20470823;601;245;40,765391014975044;0;97000;862,8209265491981;563;120;13000;684,8962014134275;560;4,421578765942779;92,46;91,68
Головные уборы / Береты;22344;9434;3886;42,22162549230219;17,39169351951307;20863;20734724;977;433;44,31934493346981;0;66000;1849,6028016469745;1254,5;50;16875;1444,1986618630983;1000;4,694217558284199;66,43;62,63
Одежда / Жилеты утепленные;2171;1300;962;59,88023952095808;44,31137724550898;6717;20892251;484;310;64,0495867768595;659;47469;4047,0852141870105;2940;666;47469;3802,6486486486488;2799,5;4,496807151979565;61,93;57,98
Смартфоны и аксессуары / Защитная пленка;258722;16978;7959;6,562256012244804;3,076274920571115;79602;20992799;1157;507;43,82022471910112;0;19000;387,877037901686;320;50;8614;350,73853499183315;299;3,8498295630616672;95,78;95,52
Головные уборы / Шапки-шлемы;14752;7162;3519;48,549349240780906;23,85439262472885;16288;21041380;624;253;40,544871794871796;20;37000;1597,8261252711497;1264;176;15000;1568,1133844842284;1432;4,717742558948589;74,26;70,15
Все для садоводства / Фотосетки для декора;2688;652;484;24,255952380952383;18,005952380952383;9140;21084641;33;23;69,69696969696969;395;12525;2693,3262648809523;2310;399;7262;2682,1652892561983;2317;4,0131578947368425;94,75;93,42
Мебель / Матрасы-топперы;47278;1390;914;2,940056685985025;1,9332459071872754;4892;21271373;204;124;60,78431372549019;100;180189;14753,888912390541;12012;1120;36675;5160,108315098469;3704;4,425369433700288;91,93;90,36
Книжная продукция и диски / Журналы;15519;5016;3799;32,321670210709456;24,47967008183517;59509;21325225;282;145;51,41843971631206;48;59058;418,619885301888;300;50;6923;396,8857594103711;290;4,697201303810274;96,94;96,91
Спортивная одежда / Костюмы охотничьи;2351;1017;580;43,25818800510421;24,670353041259037;3947;21518781;322;148;45,962732919254655;0;71536;8177,654189706508;5277;250;71536;8840,294827586207;5510;4,409240924092409;68,86;65,2
Канцелярские товары / Закладки;12732;3174;2327;24,929311969839777;18,276782909205153;105463;21531195;880;378;42,95454545454545;29;28500;891,2450518378888;282;52;2214;263,1297808336914;206;4,721546310832025;95,93;95,29
Белье / Пэстис;1060;554;493;52,26415094339623;46,509433962264154;65637;22310011;345;210;60,869565217391305;75;12350;503,5660377358491;355;89;1705;384,1602434077079;330;4,3959899749373434;95,34;95,32
Рукоделие / Стразы;21168;7289;4972;34,43405139833711;23,488284202569915;73513;22357862;737;406;55,08819538670285;0;97000;754,2749433106576;319;53;5668;451,9742558326629;278;4,591576808876387;93,74;93,57
Белье / Буркини;1072;576;512;53,731343283582085;47,76119402985074;4211;22420876;114;82;71,92982456140352;0;45000;5140,513992537313;4420;0;14550;5126,943359375;4300;4,591019417475728;56,67;56,67
Бытовая техника / Насадки для электрических зубных щеток;2489;784;684;31,498593812776214;27,48091603053435;42930;22476505;477;194;40,67085953878407;0;35087;1583,1546805946164;1216;50;8245;985,1988304093567;706,5;4,598445595854923;97,63;97,58
Для праздника / Подставки для воздушных шаров;1411;561;482;39,75903614457832;34,16017009213324;61302;22519674;380;171;45;50;98076;762,4124734231042;410;70;4400;477,87759336099583;400;4,335650446871897;94,79;94,51
Аксессуары / Очки для компьютера;7934;2857;1682;36,009579026972524;21,19989916813713;34190;22587925;579;266;45,9412780656304;0;107398;1383,2072094781952;850;0;7265;927,0398335315101;768,5;4,523334747560458;76,48;75,04
Товары для малышей / Простыни натяжные для малышей;4596;1905;1600;41,4490861618799;34,81288076588338;41492;22625068;175;98;56;59;5305;688,415361183638;539;247;3112;617,485625;538;4,69691738594328;94,05;94
Дом / Бра;88599;4442;1899;5,013600604972968;2,143365049266922;11597;22725250;492;213;43,29268292682927;0;121924;7588,81614916647;5744;216;28206;3345,951553449184;1999;4,313526192337764;87,42;84,5
Головные уборы / Чалма;7925;3901;2696;49,22397476340694;34,018927444794954;34122;22838653;544;241;44,30147058823529;10;37000;911,4268769716089;759;125;4500;852,8134272997032;759;4,756888633754305;82,1;80,37
Белье / Гетры;7433;2942;2065;39,580250235436566;27,781514866137496;53172;22947975;651;300;46,082949308755765;41;75000;826,2280371317099;540;52;10187;565,7859564164648;449;4,576749231603689;89,71;89,64
Красота / Закрепители для ресниц;937;352;324;37,56670224119531;34,578441835645684;19954;22996541;160;75;46,875;55;12222;1214,6990394877268;739;154;8995;1255,0432098765432;794;4,150078988941548;94,66;94,61
Спортивная одежда / Купальники гимнастические;6132;3286;1887;53,587736464448795;30,772994129158512;20998;23087512;525;244;46,476190476190474;45;60000;2416,9054142204827;1058,5;234;12000;1353,5606783253843;1050;4,550161067648412;59,77;56,44
Спортивный товар / Леска рыболовная;32850;6559;4384;19,966514459665145;13,345509893455098;63179;23177207;564;286;50,70921985815603;51;66500;862,9531506849315;496,5;51;9999;528,4137773722628;365,5;4,455138468837099;95,58;95,36
Техника для кухни / Аксессуары для кофемашин;8504;1295;1001;15,228127939793037;11,770931326434619;26497;23302069;588;241;40,98639455782313;0;60000;1764,7173095014111;1454;70;11022;1303,906093906094;985;4,424750499001996;96,66;96,38
Дом / Обереги;30962;8532;5719;27,556359408306957;18,471029003294362;47325;23593685;911;431;47,310647639956095;0;89570;970,1501840966346;547;42;22000;633,4771813254065;458;4,712197075906269;94,33;94,12
Бижутерия / Значки;195920;18798;11211;9,594732543895468;5,722233564720294;89670;23594626;1616;721;44,616336633663366;0;39567;332,0384442629645;234;45;2763;273,29265899562927;241;4,8200432614752895;94,46;94,26
Товары для малышей / Защитные барьеры детские;1791;826;606;46,11948632049135;33,835845896147404;11647;23611511;247;103;41,70040485829959;75;48500;2879,828587381351;2029;100;33470;2345,5247524752476;2210;4,47313691507799;86,84;83,32
Автомобильные товары / Оплетки на руль;35155;2973;2107;8,456834020765182;5,993457545157161;32951;23918397;665;289;43,45864661654135;0;160000;1054,7970416725927;1030;196;5501;941,2719506407215;836;4,419629568381016;91,95;90,24
Спортивный товар / Блесны рыболовные;54856;8462;4964;15,42584220504594;9,049146857226193;44083;23937417;560;284;50,714285714285715;50;81000;602,9057167857663;478;100;3375;432,4746172441579;383;4,567554479418886;95,31;94,98
Строительные материалы / Ручки дверные;20821;4397;2252;21,11810191633447;10,8160030738197;30809;23998067;531;213;40,11299435028249;0;28500;1744,9844387877624;1250;82;10800;1037,8730017761989;861,5;4,355819024257291;92,74;90,91
Шторы и аксессуары / Крючки для штор;4866;1624;1365;33,37443485408961;28,0517879161529;132493;24096813;675;314;46,51851851851852;0;9814;470,01890669954787;314;60;2225;335,84395604395604;268;4,552056555269923;95,65;95,27
Спецодежда и СИЗы / Брюки рабочие;3712;1256;862;33,83620689655173;23,22198275862069;25054;24673259;297;167;56,22895622895623;240;14757;2552,2039331896553;1920;387;8725;1643,0754060324825;1397,5;4,405211726384365;75,72;72,27
Красота / Дозаторы косметические;2794;1143;1030;40,90909090909091;36,86471009305655;63304;24905282;749;311;41,52202937249666;50;25652;774,3622047244095;432;50;2198;474,378640776699;400;4,577293461733401;95,05;94,97
Спортивная одежда / Жилеты спортивные;6965;2950;1805;42,354630294328786;25,91529073941134;10596;25103075;807;351;43,49442379182156;56;60000;2677,772433596554;2025;356;48096;2549,214404432133;2090;4,445514363665543;65,8;62,69
Спортивные аксессуары / Очки спортивные;6731;2434;1521;36,16104590699747;22,596939533501708;21351;25364223;805;369;45,838509316770185;50;61880;3073,785321646115;1960;50;30000;2211,3865877712033;1436;4,430985915492958;86,32;85,16
Красота / Удалитель накладных ресниц;2413;837;720;34,68711147948612;29,83837546622462;66874;25471959;253;130;51,38339920948617;57;4500;664,1537505180273;578;71;2100;540,6361111111111;497,5;4,340193704600484;95,73;95,71
Дом / Благовония;24738;5445;4167;22,010671840892556;16,844530681542565;75473;25486539;934;410;43,897216274089935;0;76000;855,9518554450643;364;72;8701;412,48308135349174;275;4,492726834364703;96,32;96,26
Все для садоводства / Фигурки садовые;17510;2898;2100;16,550542547115935;11,993146773272416;20809;25726342;528;221;41,8560606060606;0;76000;2481,9108509423186;1613,5;92;24000;1522,3333333333333;1194;4,382952815829528;89,1;88,61
Спортивный товар / Воблеры;65528;10130;6089;15,459040410206324;9,29221096325235;44460;25816798;481;242;50,311850311850314;0;48127;935,341869124649;666;61;25130;664,7428149121366;568;4,634581359511444;95,42;95,26
Спортивные аксессуары / Шапочки для плавания;17810;6539;3985;36,715328467153284;22,375070185289164;69787;26034499;869;425;48,90678941311853;0;169150;1430,4272318921953;496,5;106;49500;600,7041405269762;406;4,344330612953637;87,73;86,85
Рукоделие / Швейная фурнитура;61196;13102;7749;21,409896071638666;12,662592326295835;87972;26101843;1152;545;47,30902777777778;0;27310;620,0190698738479;408;50;11480;377,305845915602;277;4,647439765093922;94,92;94,53
Спортивные аксессуары / Вратарские перчатки;1745;710;550;40,68767908309456;31,518624641833814;12732;26238229;288;168;58,333333333333336;25;34000;2600,6160458452723;1500;76;16243;2572,3418181818183;1674;4,159072741806555;81,95;80,29
Канцелярские товары / Альбомы для коллекционирования;6212;1831;1464;29,47520927237605;23,567289117836445;45392;27014965;306;158;51,63398692810458;87;285960;1488,1157437218287;690,5;112;10285;867,3408469945355;510;4,7432392273402675;96,34;96,08
Рукоделие / Резинки для рукоделия;13967;4309;3047;30,851292331925254;21,815708455645453;79678;27141186;804;379;47,13930348258707;0;199000;774,3655044032362;450;61;3452;360,8624876928126;280;4,69265506707398;96,08;95,92
Рукоделие / Наборы для создания слепков;1463;551;460;37,66233766233766;31,442241968557756;28199;27289206;461;232;50,32537960954446;50;179081;1296,3171565276828;864;120;4990;1025,254347826087;900;4,24009324009324;92,03;91,72
Спортивный товар / Жилеты разгрузочные;3545;890;591;25,105782792665725;16,671368124118477;5178;27629678;389;160;41,131105398457585;300;220000;16034,690267983075;9895;585;65959;9275,160744500847;6000;4,314094775212637;76,14;73,86
Красота / Кисти для дизайна ногтей;6241;1866;1523;29,8990546386797;24,40314052235219;160900;27677157;714;331;46,358543417366946;50;199000;513,8956897933024;273;59;4554;318,3525935653316;210;4,619253650621958;96,58;96,57
Аксессуары / Браслеты для часов;25413;6644;4871;26,144099476645813;19,1673552905993;49130;27700654;413;208;50,36319612590799;0;150000;1389,579782001338;690;80;23739;750,2857729419011;490;4,376710901132495;90,05;88,39
Смартфоны и аксессуары / Дисплеи для смартфонов;28096;4247;2533;15,11603075170843;9,015518223234626;15546;27907540;181;98;54,14364640883978;0;130000;3080,6913439635537;2296,5;88;53317;2531,970785629688;1942;3,4554334554334556;88,24;86,6
Белье / Бюстье;5915;2093;1652;35,38461538461539;27,928994082840237;45001;28172400;533;267;50,093808630393994;0;35186;1345,8564666103127;676;120;8089;837,2360774818402;631,5;4,621854304635762;78,05;77,97
Товары для отдыха и кемпинга / Тенты для бассейнов;4032;1005;862;24,925595238095237;21,378968253968253;16541;28262719;480;209;43,54166666666667;100;150000;3140,9880952380954;1966;195;42691;2138,6078886310906;1575;4,191521197007481;90,92;89,59
Дом / Карнизы;8558;1449;1161;16,931526057490068;13,566253797616266;24120;28357046;223;99;44,39461883408072;0;47595;5445,142790371582;3778;63;7362;1685,8561584840654;1278;4,155506969117245;90,17;89,04
Спортивные аксессуары / Перчатки спортивные;12118;3968;2169;32,74467733949496;17,8989932332068;36391;28404153;1301;557;42,813220599538816;0;49500;2554,4752434395114;1350;0;14600;1436,8552328261871;900;4,407970634504458;87,13;86,21
Аксессуары / Ремни для сумок;10888;4824;3797;44,305657604702425;34,873254959588536;65201;28729562;489;314;64,21267893660531;0;100000;1239,214180749449;636;50;7300;652,2014748485647;532;4,8309022150189085;91,57;90,77
Одежда / Брюки пижамные;5377;2487;1878;46,25255718802306;34,9265389622466;30092;28892831;594;304;51,178451178451176;100;199000;1372,4294216105636;967;232;14000;1179,7646432374868;903;4,629910406616127;81,93;79,44
Строительные материалы / Краски для мебели;3535;1199;1037;33,91796322489392;29,335219236209333;28310;29225626;80;45;56,25;182;18207;1833,1869872701557;1219;182;6279;1151,8486017357764;982;4,467256637168141;88,09;87,49
Дом / Постеры;861127;17399;8039;2,020491750926402;0,9335440649288664;67402;29239061;936;452;48,2905982905983;0;21450;1715,3267148748093;1450;56;14990;495,93743002861055;429;4,44759956355701;92,69;92,32
Красота / Кератолитики;1725;638;564;36,98550724637681;32,69565217391305;88447;29427604;652;263;40,33742331288344;50;13243;721,0956521739131;436;104;4127;533,8368794326241;378;4,486767485822306;96,32;96,3
Красота / Шаблоны для моделирования ногтей;6100;2179;1692;35,721311475409834;27,737704918032787;139596;29580940;570;255;44,73684210526316;0;19000;477,0193442622951;251;50;3561;239,04787234042553;144;4,637970791698693;96,08;96,07
Спортивный товар / Аксессуары для оружия;20531;4190;2832;20,408163265306122;13,793775266669913;29400;30140776;556;316;56,834532374100725;58;218963;3227,7887584628124;1450;94;32156;1703,1987994350281;1054;4,455934687042077;92,72;92,27
Спецодежда и СИЗы / Трусы одноразовые;1360;463;416;34,044117647058826;30,58823529411765;63795;30197258;327;141;43,11926605504587;0;19000;950,7992647058824;520;120;11956;572,3004807692307;381;4,424028268551237;95,75;95,63
Игрушки / Одежда для кукол;30547;8207;6015;26,86679542999312;19,690968016499163;52480;30375223;687;322;46,87045123726347;53;49500;859,2032932857563;638,5;88;4297;636,1040731504572;528;4,834256973874168;94,19;93,77
Аксессуары / Футляры для очков;27359;7078;4211;25,87082861215688;15,391644431448519;88279;30393476;1298;608;46,84129429892142;20;85000;686,326437369787;427;50;9537;544,2512467347424;394;4,563849922066355;92,28;91,7
Аксессуары / Чехлы для ноутбуков;7186;2741;1826;38,1436125800167;25,410520456443084;25144;30744161;556;262;47,122302158273385;50;628652;2334,1386028388533;1500,5;50;49500;1724,34282584885;1125;4,3180084745762715;83,85;80,87
Головные уборы / Кепи;19776;8640;3987;43,689320388349515;20,160800970873787;24869;30851284;1026;442;43,07992202729045;0;40000;2481,7830198220063;1558;115;18564;1930,2932029094557;1464;4,605902892153633;67,08;64,28
Обувь / Валенки;8721;3486;2034;39,97248022015824;23,323013415892675;8961;31211911;581;259;44,57831325301205;0;97000;3774,2680885219584;3120;470;15280;3869,1430678466077;3462;4,539257865017478;62,86;60,05
Рукоделие / Наборы ниток;40608;9815;6498;24,17011426319937;16,00177304964539;93535;31886315;757;313;41,347424042272124;50;88000;592,1649674940899;405;69;13618;383,253000923361;295;4,6253809919645335;95,43;95,2
Спортивное питание и косметика / Гейнеры;4064;765;642;18,823818897637796;15,797244094488189;18118;32045673;275;110;40;52;40778;3031,283218503937;2123,5;295;9467;2229,0841121495328;1531;4,273507943323315;95,23;95,02
Рукоделие / Молды для рукоделия;22704;7200;4798;31,71247357293869;21,132840028188866;68690;32140282;638;352;55,17241379310345;39;95000;1092,8639887244537;475,5;68;14378;541,3186744476866;445;4,631806395851339;93,82;93,35
Автомобильные товары / Звукоизоляционный материал для авто;2361;562;477;23,80347310461669;20,203303684879288;27513;32210880;119;50;42,016806722689076;118;50000;2185,925031766201;1357;126;9732;1605,972746331237;1196;4,609878310665712;93,69;93,35
Красота / Тату машинки;1837;563;350;30,647795318453998;19,052803483941208;6188;32416384;172;85;49,418604651162795;100;147488;12748,870985302123;10374;220;51299;9461,762857142858;7103;4,336048879837067;88,4;88,06
Одежда / Анораки;2248;1051;768;46,75266903914591;34,163701067615655;8159;32589008;367;173;47,13896457765668;50;34508;5815,330960854092;4197;712;23528;5424,815104166667;4162;4,607708553326294;65,51;63,69
Дом / Сухоцветы;7109;2465;1936;34,674356449570965;27,233084822056547;47176;32984326;880;380;43,18181818181818;0;28500;1042,917428611619;660;110;8625;807,8837809917355;620,5;4,377900117970901;93,64;93,26
Аксессуары для волос / Шиньоны;9921;5334;3396;53,76474145751437;34,230420320532204;29806;33143013;230;144;62,60869565217392;52;19000;1593,5659711722608;1092;105;16344;1318,1118963486454;1012;4,306294536817102;68;67,62
Красота / Средства для удаления кутикулы;2211;637;553;28,810492989597467;25,01130710085934;102402;33245096;599;254;42,404006677796325;52;19000;772,6236996834011;426;67;4247;446,5822784810127;343;4,403767403767404;97,14;97,11
Все для садоводства / Шторы уличные;4074;1122;818;27,540500736377023;20,078546882670594;20807;33323547;167;68;40,7185628742515;0;20899;3482,2503681885123;2200;229;6302;1704,8826405867972;1599;4,414571575166752;91,08;88,05
Дом / Плейсматы;12538;3804;2699;30,339767107991705;21,526559259850057;58035;33542789;1121;463;41,302408563782336;0;36936;826,8814005423512;592;70;4290;656,1126343090033;572;4,618095448519664;92,52;91,27
Бижутерия / Бусы;31615;10779;5735;34,09457535979757;18,140123359164953;48625;34231613;1371;561;40,91903719912472;0;140000;1673,6253677052032;1040;90;65376;1224,8278988666086;825;4,540176948248697;87,33;86,58
Спецодежда и СИЗы / Фартуки рабочие;5400;2586;1963;47,888888888888886;36,351851851851855;57205;34731851;563;272;48,31261101243339;50;29887;1093,2274074074073;770;170;8256;848,3076923076923;691;4,77873417721519;93,12;92,71
Товары для взрослых / Боди эротик;12211;2671;1394;21,873720416018344;11,415936450741135;38549;34961422;934;392;41,97002141327623;16;59999;2295,3107853574647;1727;97;6840;930,1176470588235;800;4,290793650793651;79,79;79,6
Рукоделие / Ленты для рукоделия;70590;18069;11017;25,597110072248196;15,607026491004392;112610;34970663;1070;530;49,532710280373834;0;28500;688,702280776314;395;56;12220;362,85358990650815;291;4,719521384007956;94,75;94,6
Мебель / Ручки мебельные;29288;10829;6258;36,974187380497135;21,367112810707457;69869;35415160;686;359;52,332361516034986;0;38000;882,010857689156;539;50;10820;672,4720357941834;473;4,574910526965321;92,3;90,54
Ювелирная бижутерия / Кольца ювелирная бижутерия;13089;5779;3783;44,15157766063107;28,902131560852627;62657;35723481;997;461;46,238716148445334;0;135000;1400,6572694629078;864;58;17576;997,0465239228126;682;4,604166666666667;88,01;87,95
Товары для взрослых / Ролевые костюмы эротик;8253;2138;1436;25,9057312492427;17,39973343026778;42543;36171364;553;224;40,506329113924046;50;48909;2680,791227432449;2466,5;124;7007;1318,9122562674095;1080;4,305825242718447;85,72;85,6
Белье / Нижние юбки;1229;775;700;63,05939788445892;56,95687550854353;28917;36243453;226;143;63,274336283185846;0;12000;1569,7583401139138;1260;350;7000;1517,7142857142858;1306,5;4,619718309859155;62,9;62,67
Красота / Обезжириватели для ногтей;1883;658;581;34,94423791821561;30,855018587360597;136047;36474049;498;214;42,9718875502008;48;19000;547,8794476898566;376;48;2484;387,7091222030981;308;4,482403433476395;96,89;96,86
Рукоделие / Шнуры для рукоделия;18635;7540;5353;40,46149718272069;28,725516501207405;80039;37084839;489;269;55,01022494887526;36;199000;822,9487523477328;542;58;7259;573,5510928451336;459;4,698520796719391;95,36;95,05
Хозяйственные товары / Краски для ткани;4731;1279;1093;27,03445360388924;23,102938068061718;110643;37170074;294;125;42,51700680272109;50;19000;626,7622067216233;389;83;3345;392,22049405306495;287;4,036164160910199;94,72;94,71
Одежда для малышей / Крестильные комплекты для малышей;1977;1107;865;55,99393019726859;43,75316135558928;23289;37410566;318;156;49,056603773584904;60;14250;1734,6449165402125;1302;174;7222;1911,235838150289;1540;4,73950091296409;62,47;57,38
Одежда для малышей / Пинетки;13890;5799;3381;41,74946004319654;24,341252699784015;56680;38227645;1065;444;41,690140845070424;0;26800;765,5816414686825;612;100;5990;741,5181898846495;619;4,620887594242632;77,16;73,61
Посуда и инвентарь / Молды;29016;9187;6390;31,6618417424869;22,022332506203472;81851;38577395;628;310;49,36305732484076;50;42040;645,5616211745244;409;55;3410;525,88779342723;439;4,732844377002192;93,33;92,92
Одежда / Капри;5234;2290;1716;43,75238823079862;32,78563240351547;26739;38766890;749;354;47,2630173564753;60;67000;1500,7627053878487;1108;167;8980;1560,6322843822843;1225;4,516655180335401;58,67;53,94
Аксессуары / Галстуки;36228;16976;6387;46,85878326156564;17,630009937065253;86186;38984092;1104;550;49,81884057971015;0;41000;952,0006624710169;539;71;8788;744,738374823861;510;4,578607939616873;88,05;87,22
Одежда для малышей / Брюки для малышей;15281;5669;3393;37,09835743734049;22,204044237942544;58063;39350195;1446;595;41,14799446749654;0;72000;1585,1723054773902;622,5;125;5600;762,5119363395225;595;4,653347947389398;86;84,59
Аксессуары / Чехлы для чемоданов;12960;3477;2753;26,828703703703706;21,242283950617285;33317;40047180;306;149;48,69281045751634;0;47500;2261,6648148148147;1478;149;5301;1287,1634580457683;1271;4,565868663902635;84,92;80,14
Головные уборы / Хиджабы;11024;5145;4052;46,67089985486212;36,756168359941945;52048;40055990;443;247;55,75620767494357;0;12990;980,1997460087083;780;145;5100;884,7574037512339;779;4,6773869346733665;83,17;81,85
Красота / Клей для наращивания ресниц;3634;1226;1147;33,7369290038525;31,56301596037424;54758;40364377;264;128;48,484848484848484;53;9360;906,7900385250413;812;53;3015;829,2911944202267;777;3,7295332823259373;93,72;93,48
Товары для взрослых / Комплекты эротик;16699;3662;2148;21,92945685370381;12,863045691358764;52970;40574490;1001;418;41,75824175824176;0;100000;2725,4942810946764;2090;105;8700;1171,0675046554934;890;4,243854857588763;90,34;90,28
Аксессуары / Пояса;16795;6492;4748;38,654361417088424;28,270318547186665;61099;40767664;1431;630;44,0251572327044;50;95000;971,679190235189;600;75;8000;811,5286436394272;600;4,598270939086294;80,92;78,82
Строительные материалы / Панели для кухонных фартуков;7475;1418;1022;18,96989966555184;13,672240802675585;29283;40990601;86;40;46,51162790697674;200;40000;2549,1571906354516;2662;261;7943;1808,8659491193737;1485;4,256622516556291;89,89;87,72
Красота / Картриджи для тату машинки;7303;2138;1645;29,27564014788443;22,524989730247842;31330;41547345;145;93;64,13793103448276;54;10000;1659,1828015883884;1437;119;5453;1562,0474164133739;1449;4,558017631641649;94,86;94,83
Бытовая техника / Фильтры для пылесосов;18676;3335;2706;17,857142857142858;14,489183979438852;82563;42005819;699;326;46,63805436337625;0;46373;1292,6849432426643;883;84;10520;672,0133037694013;495;4,598979219832301;95,49;94,19
Одежда для малышей / Футболки для малышей;25712;8727;4802;33,94135034225265;18,67610454262601;74317;42985494;1817;729;40,121078701155746;0;50000;673,278274735532;571;42;4200;635,7603082049146;521;4,679774933531194;89,77;88,84
Одежда для малышей / Песочники;8370;3827;2792;45,722819593787335;33,35722819593787;45342;43144993;1009;514;50,94152626362735;0;19000;947,9407407407407;738;176;4290;932,4215616045846;801;4,588028169014085;82,28;80,17
Красота / Волосы для наращивания;10268;4508;3267;43,90338917023763;31,81729645500584;26716;43407870;337;140;41,54302670623145;41;300000;2691,3883911180365;1885;108;17600;2009,5843281297828;1906;4,274748032583184;87,88;87,86
Шторы и аксессуары / Жалюзи;19277;2708;1499;14,04782901903823;7,776106240597603;69592;43682278;259;117;45,173745173745175;101;29244;1962,663744358562;1748;136;6540;1310,1094062708473;1140;4,7085397843194405;92,65;91,56
Одежда / Полукомбинезоны;9485;3948;2278;41,62361623616236;24,016868740115974;23519;44220383;1006;453;45,029821073558644;0;100000;2648,584396415393;1933,5;0;59990;2401,5004389815626;1912;4,613309352517986;69,54;65,44
Красота / Эфирные масла;20620;5906;4694;28,642095053346267;22,764306498545103;98388;45080045;1151;478;41,52910512597741;0;71308;1061,9303103782736;513,5;88;45428;792,6188751597784;403;4,395515357075561;95,38;95,33
Красота / Оксиданты;9217;2144;1857;23,261364869263318;20,147553433872194;111632;45428899;618;292;47,249190938511326;82;12825;1008,1766301399588;669,5;96;9750;690,3791060850834;511;4,612881508078995;95,11;95,09
Белье для малышей / Трусы для малышей;10851;3980;2852;36,678647129296834;26,28329186250115;71079;46110846;1277;545;42,678151918559124;0;70000;690,0251589715234;460;70;5032;695,3215287517531;529;4,498088410991636;92,12;92,05
Головные уборы / Повязки на голову;33294;12675;6916;38,069922508560104;20,7725115636451;117796;46121737;2603;1079;41,45217057241644;0;85000;597,5137261969123;375;50;12500;503,8551185656449;371;4,72714296446548;86,1;85,02
Аксессуары для волос / Парики;13035;7843;3680;60,16877637130802;28,23168392788646;20027;46285659;337;157;46,58753709198813;50;58238;3804,09666283084;2296;143;43650;2902,750543478261;2201;4,265146390955648;62,63;62,54
Запчасти для авто / Автозапчасти;368636;16215;8725;4,398647988801962;2,36683340748055;44626;46402100;1695;733;43,2448377581121;0;341993;7294,381031695222;1959;0;55066;1741,1695128939828;1000;4,308625377192196;92,17;91,21
Товары для животных / Шлейки;14627;4459;2799;30,48472003828536;19,135844670814247;98551;46426425;1066;537;50,37523452157598;0;35087;1348,7693990565392;900,5;99;13536;833,4290818149339;531;4,664349706518381;84,03;80
Красота / Пигменты;11447;5321;3534;46,483794880754786;30,872717742639992;49476;47011060;520;239;45,96153846153846;52;40500;1728,020005241548;1538;90;22805;1598,9281267685342;1451;4,426599749058971;91,84;91,77
Для праздника / Открытки;68017;20468;11825;30,092476880779806;17,385359542467324;186427;48168233;2661;1157;43,47989477639985;0;116400;637,3073937398003;257;20;7800;264,0644397463002;224;4,710861905028246;94,85;94,75
Белье / Костюмы купальные;3560;1607;1253;45,140449438202246;35,19662921348314;25099;48711736;424;237;55,89622641509434;54;36133;1995,916011235955;1700,5;269;27000;1959,5299281723862;1792;4,480694980694981;56,98;56,86
Аксессуары для обуви / Шнурки;21353;10511;7414;49,22493326464665;34,72111647075352;319923;49055963;1331;662;49,73703981968445;35;49500;337,0279117688381;224;54;4500;233,88885891556515;200;4,674722775092408;95,14;94,87
Аксессуары / Банданы;29213;7313;5314;25,03337555198028;18,19053161263821;196269;49476971;1314;585;44,52054794520548;0;111111;698,8447951254578;522;80;5088;469,5150545728265;375;4,630702568864129;89,25;88,51
Автомобильные товары / Наклейки на авто;146323;21817;13291;14,910164499087635;9,083329346719244;166155;49818425;1543;773;50,09721322099806;0;37062;465,64335750360505;301;20;12402;366,5666992701828;256;4,60393090009743;94,01;93,73
Все для садоводства / Средства защиты растений;32993;5797;4738;17,570393719879974;14,360621950110628;149131;49922751;1063;518;48,73000940733772;0;46520;638,9526263146728;363;54;17940;454,66969185310256;292;4,455382564972436;97,15;97,08
Здоровье / Стельки ортопедические;6080;2225;1555;36,59539473684211;25,575657894736842;102751;50328274;851;360;42,30317273795535;54;16150;1132,7858552631578;798;82;9000;932,5993569131833;615;4,415934755332497;93,86;93,13
Обувь / Галоши;5473;2143;1576;39,1558560204641;28,79590718070528;67612;50992569;419;191;45,584725536992835;0;119400;1011,8889091905719;807;167;6790;944,7239847715736;819;4,5110484250117535;75,98;73,36
Товары для отдыха и кемпинга / Коврики пляжные;5051;1653;1380;32,72619283310236;27,321322510393983;37980;51193431;1144;480;41,95804195804196;0;20000;1294,7939021975847;1060;84;7342;1320,6246376811594;1120;4,31356160690213;89,63;88,6
Спортивная одежда / Костюмы маскировочные;1886;955;683;50,63626723223754;36,21420996818664;19732;51202027;344;192;55,81395348837209;138;81965;3758,724814422057;3216;174;17200;3333,453879941435;2838;4,310730253353205;72,45;70,1
Белье / Чулки;11290;3458;2366;30,62887511071745;20,95659875996457;113337;51779393;1035;452;43,671497584541065;50;90000;1070,500354295837;782,5;75;90000;679,9391377852917;519,5;4,069187722570799;91,74;91,69
Одежда для малышей / Ползунки;14727;5031;3329;34,16174373599511;22,604739593943098;72881;52345635;1216;539;44,32565789473684;45;19000;599,1316629320296;408;61;3500;561,7566836887954;475;4,660118219749652;89,69;89,61
Канцелярские товары / Стикеры;27665;9520;7412;34,41171154888849;26,79197542020604;242925;53717514;1528;754;49,345549738219894;0;38520;473,9957708295681;260,5;53;4840;244,43132757690233;210;4,707979930713177;95,72;95,62
Аксессуары / Парео;6061;2470;2031;40,75235109717868;33,50932189407688;45725;54110077;437;266;60,869565217391305;64;33814;1149,4240224385414;806;198;10560;1118,2191038897095;796;4,5576489862789265;66,6;64,89
Автомобильные товары / Другие автозапчасти для мотоциклов;46931;7399;5654;15,76569857876457;12,047473951119729;58298;54273391;283;159;56,18374558303887;58;94500;1570,2358782041722;700;99;41775;1234,3351609480014;695;4,290907812390127;90,97;89,79
Красота / Временные татуировки;27795;9582;6643;34,473826227738805;23,899982011153085;226175;54402879;984;470;47,764227642276424;0;19000;429,8175930922828;220;50;2259;234,24687641125996;199;4,549732840115084;93,98;93,83
Здоровье / Компрессионные чулки;3089;1258;879;40,72515377144707;28,455810942052445;41694;55586709;272;161;59,19117647058823;90;50000;2684,0890255746194;1998;353;9450;2037,835039817975;1481;4,050788091068301;85,91;85,6
Рукоделие / Бусины;59193;18463;12588;31,191188147247143;21,266028077644318;140223;55682015;1261;658;52,18080888183981;26;99174;792,2115621779602;431;30;12976;493,3314267556403;360;4,547087503207596;93,73;93,48
Красота / Флаконы косметические;13726;3849;3083;28,04167273786974;22,461022876293168;204774;56357611;1469;677;46,0857726344452;0;84999;704,9444120646947;352;51;12999;406,7622445669802;324;4,58249075215783;95,86;95,85
Товары для животных / Ошейники;37887;10357;6127;27,336553435215244;16,171773959405602;133631;56579940;2184;983;45,00915750915751;0;56999;818,5781666534696;522,5;52;23990;607,0936836951199;396;4,5928503814243555;93,88;93,29
Спортивное питание и косметика / Аминокислоты;17414;2120;1713;12,174112782818423;9,836912828758472;64639;56607870;610;248;40,65573770491803;50;50036;2150,616515447341;1703;124;17000;1405,4629305312317;1131;4,446261334918983;97,5;97,39
Бижутерия / Пирсинг;20055;6799;5301;33,90177013213662;26,43231114435303;194523;56735521;641;364;56,78627145085803;0;97000;619,0694091249065;425;50;6270;407,2258064516129;306;4,248793753838056;87,19;86,25
Автомобильные товары / Другие автоаксессуары;61730;9664;6425;15,655272962902966;10,408229386035964;120568;57321651;2335;951;40,728051391862955;0;127996;1809,1197634861494;1060;50;47385;981,1688715953308;628;4,278488755057872;94,21;93,66
Спортивное питание и косметика / Креатины;2439;500;451;20,50020500205002;18,491184911849118;52406;57653277;341;140;41,05571847507331;50;32843;2016,0885608856088;1573;131;25659;1570,729490022173;1299;4,47810979847116;96,8;96,72
Дом / Наволочки декоративные;82014;14236;8558;17,35801204672373;10,43480381398298;88006;58406829;1187;607;51,13732097725359;50;32000;797,683200429195;649;75;7520;761,7165225519981;649;4,748765921140837;89,84;87,57
Белье / Гольфы;18690;6308;4774;33,75066880684858;25,543071161048687;180709;59462223;1911;829;43,38042909471481;50;28959;580,1631353665061;406;50;4499;416,75219941348973;350;4,597567306979159;93,02;92,98
Мебель / Тумбы прикроватные;3262;1088;907;33,35377069282649;27,80502759043532;27039;59714595;454;197;43,392070484581495;0;83600;5456,161250766401;3674,5;790;14608;3054,348401323043;2667;4,47351598173516;92,75;91,74
Белье / Бордшорты;5023;2587;2107;51,50308580529564;41,947043599442566;52643;60499552;291;161;55,32646048109965;71;50000;2328,0222974318135;1680;250;11340;1966,1300427147603;1540;4,4646788990825685;68,32;67,8
Аксессуары / Декор для одежды;70159;25665;16928;36,5811941447284;24,128051996180105;184493;60519053;1224;726;59,31372549019608;0;42000;375,78956370529795;320;50;7350;349,10503308128546;330;4,7218713697328125;92,98;92,76
Обувь / Угги;19452;9555;4460;49,12091301665638;22,92823360065803;19459;61500505;1297;628;48,41942945258288;0;53835;3766,3607855233395;2928;100;34500;3565,681614349776;2909;4,338004588578161;60,36;56,88
Ювелирная бижутерия / Серьги ювелирная бижутерия;43686;18081;10154;41,38854552946024;23,24314425674129;86346;61965003;2682;1149;42,84116331096197;0;50000;1293,3182484091012;900;50;25000;1058,0085680519992;752,5;4,570184039825011;85,86;85,75
Автомобильные товары / Лампы автомобильные;51099;6850;4307;13,40535039824654;8,428736374488738;80466;62334998;1265;531;41,976284584980235;0;104500;1871,1940351083192;881;74;97000;1204,006268864639;670;3,867736230419404;92,58;91,26
Спортивное питание и косметика / Жиросжигатели;4436;1130;982;25,473399458972047;22,1370604147881;108413;66762427;762;338;44,356955380577425;0;26889;1639,225428313796;1325;99;25426;1197,5936863543789;930;4,244324740284725;97,78;97,73
Продукты / Травяные сборы;34160;9424;7654;27,587822014051522;22,406323185011708;182896;67528626;1638;674;41,14774114774115;11;38000;502,24519906323184;316;64;9714;368,5453357721453;255;4,604970760233918;98,27;98,15
Аксессуары для волос / Канекалон;23230;6130;4163;26,388291003013343;17,92079207920792;139316;68085789;636;261;41,0377358490566;48;19000;662,3958243650452;410;50;7000;525,6572183521499;405;4,405446009389672;94,34;94,25
Аксессуары / Чехлы для планшетов;34653;10323;6759;29,78962860358411;19,50480477880703;65705;68546789;681;288;42,290748898678416;0;90000;1239,675064208005;966;60;24911;1107,9412635005178;926;4,362472865412446;87,16;84,11
Ювелирные украшения / Ювелирные колье;20128;8640;3902;42,925278219395864;19,385930047694753;27690;68941745;767;370;48,23989569752282;0;551920;12922,432631160573;3264;308;237120;5598,765504869298;2244;4,57439076528431;80,57;80,49
Спецодежда и СИЗы / Брюки медицинские;5633;3343;2632;59,34670690573407;46,724658263802596;53022;69079441;362;254;70,1657458563536;0;46000;2041,7345996804545;1695;170;9000;1890,4270516717324;1568;4,42011319111885;57,61;54,35
Одежда для малышей / Комплекты нательные для малышей;20472;7216;4447;35,248143806174284;21,72235248143806;66151;69900440;1644;670;40,75425790754257;0;95000;1226,7674872997266;874;175;12340;1178,2565774679558;850;4,669203450025368;85,21;84,97
Канцелярские товары / Дневники;34465;6753;5452;19,593790802263168;15,818946757580155;278550;70532371;707;313;44,27157001414427;50;99988;519,2441317278399;348;64;4046;300,13628026412323;254;4,788141962421712;96,36;96,18
Товары для отдыха и кемпинга / Средства для бассейнов;4295;1213;1037;28,242142025611173;24,144353899883583;82460;70658028;473;210;44,39746300211416;50;147980;2170,9383003492435;1295;50;16048;1467,9151398264223;1020;4,319622012229016;93,57;93,54
Аксессуары для обуви / Украшения для обуви;10727;5779;5131;53,87340356110749;47,83257201454274;211457;73411954;446;298;66,81614349775785;19;14500;407,75985830148227;282;55;2640;335,2592087312415;269;4,841323210412147;93,06;92,82
Дом / Вазы;56485;12478;7455;22,09082057183323;13,198194210852439;94317;73921356;2874;1204;41,892832289492;0;272436;2923,867540054882;1419;0;45400;1294,4706908115359;840;4,5185100635391695;87,38;86,68
Строительные материалы / Обои;56497;9438;6008;16,705311786466538;10,634192965998194;82749;75690878;388;204;52,577319587628864;0;89000;2659,7613324601307;2258,5;135;74940;1710,41344873502;1661;4,3912932247473675;90,44;89,47
Рукоделие / Эпоксидная смола для творчества;3498;1095;898;31,303602058319044;25,671812464265297;62298;75702172;444;232;52,25225225225225;50;38990;1874,0980560320183;1259,5;129;14869;1477,6915367483296;1232,5;4,480018165304269;95,9;95,75
Книжная продукция и диски / Наборы карточек;14102;6710;5591;47,581903276131044;39,64685860161679;242457;76201849;926;490;52,915766738660906;0;53698;673,8243511558644;350;60;7454;445,70470398855304;319;4,787722945617682;96,47;96,41
Одежда для малышей / Платья для малышей;19212;8775;4979;45,67457838850718;25,91609410784926;67243;76256731;2634;1158;43,96355353075171;0;100000;1605,0414844888612;1141;77;9500;1280,3488652339827;1100;4,663560040052376;70,4;65,42
Аксессуары для волос / Крабы;37880;14048;8650;37,085533262935584;22,835269271383314;420969;76587194;3836;1566;40,823774765380605;0;19000;333,9904171066526;234;44;13380;264,21953757225435;214;4,604450533175355;96,11;96,05
Одежда / Джеггинсы;10093;3916;2814;38,79916774001783;27,880709402556224;55548;76678950;1131;503;44,47391688770999;0;33333;1480,5353215099574;1296;147;22200;1496,7807391613362;1377;4,366409654710023;57,84;53,41
Спецодежда и СИЗы / Рубашки медицинские;6391;3777;2972;59,0987325927085;46,50289469566578;50375;78109027;298;217;72,81879194630872;0;70000;2314,171804099515;2040;14;9000;2240,554845222073;1904;4,552286356821589;57,55;54,63
Дом / Ковры;82956;9512;5221;11,466319494671875;6,293697863927866;17562;82516066;608;253;41,61184210526316;0;472550;7323,487716379767;4752;110;110000;5095,383451446083;3875;4,635483735218617;90,77;88,17
Автомобильные товары / Автомобильные ароматизаторы;75000;15136;11152;20,181333333333335;14,869333333333334;229388;82539076;3261;1341;41,12235510579577;0;97000;575,7109066666667;352;50;6820;428,9004662840746;321;4,293244411510436;96,73;96,7
Одежда / Пеньюары;8004;3773;2667;47,13893053473263;33,32083958020989;44520;82686810;1024;453;44,23828125;51;55777;2121,077836081959;1588,5;70;23660;1924,7604049493814;1683;4,388589398023361;70,24;68,13
Одежда / Фартуки детские;4649;2181;1769;46,913314691331465;38,05119380511938;70048;83971334;591;316;53,468697123519455;0;19000;1033,4274037427404;690;114;10355;1065,864895421142;835;4,719348659003831;73,94;71,4
Канцелярские товары / Папки канцелярские;93881;14898;9558;15,869025681447791;10,180973785963081;227563;84327841;1542;646;41,893644617380026;0;275860;806,4976299783768;474;0;16362;468,04268675455114;339;4,538117866861622;94,19;93,54
Красота / Закрепители для гель-лака;8865;3928;3257;44,30908065425832;36,73998871968415;214556;84540629;792;452;57,07070707070707;50;50092;644,858883248731;458;57;5500;541;427;4,43610579987253;96,62;96,57
Спортивные аксессуары / Шлемы спортивные;13099;4417;2495;33,72013130773341;19,04725551568822;19913;85221915;850;383;45,05882352941177;0;124875;8068,74463699519;5227;295;50055;5215,469739478958;3783;4,423161189358373;73,57;71,58
Здоровье / Очки корригирующие;178115;59283;24666;33,28355276085675;13,84835639895573;125926;86444668;433;247;57,043879907621246;0;71000;1095,6964376947478;808;0;11979;770,0291494364712;722;4,455699947405329;81,72;79,81
Канцелярские товары / Наклейки для творчества;91844;21291;15434;23,18169940333609;16,80458168198249;396310;87232745;2446;1182;48,323793949304985;0;76000;602,9231087496189;250;50;25000;255,66521964493975;228;4,7417405736217;95,81;95,74
Бижутерия / Брелоки;282787;40721;24786;14,399884011641271;8,764900791054751;293985;91909892;5882;2592;44,06664399863992;0;76000;432,30737268686323;336;50;7680;341,3941741305576;290;4,736783034397247;94,33;94,06
Обувь / Дутики;25251;12064;6418;47,77632569007168;25,41681517563661;34102;92340890;1271;706;55,54681353265145;0;72750;3095,979367153776;2405;28;40515;3013,879713306326;2307;4,289171069573325;58,63;54,35
Шторы и аксессуары / Рулонные шторы;35393;7083;5105;20,012431836803888;14,423756109965247;86528;92655418;269;124;46,09665427509294;63;23750;1963,9999434916508;1557;120;11434;1321,4871694417238;1211;4,389505655634688;90,07;87,52
Книжная продукция и диски / Карты Таро;16530;5343;4184;32,32304900181488;25,31155474894132;150439;93296754;1596;686;42,98245614035088;30;34990;1312,653962492438;780;60;11781;963,4113288718929;690;4,594244882193897;94,64;94,58
Красота / Накладные ногти;15779;7118;5671;45,110590024716394;35,94017364852019;281185;95464020;946;514;54,33403805496828;21;19000;478,2972304962292;364;38;4282;382,19573267501323;337;4,407315188460548;95,65;95,55
Спортивная одежда / Топы-бра;8920;4498;3406;50,426008968609864;38,18385650224215;111555;98716757;1207;649;53,76967688483844;0;50000;1228,4072869955157;880;74;8249;1180,4177921315327;915;4,435687432867884;75,62;74,15
Бижутерия / Подвески бижутерные;104276;24781;15217;23,76481644865549;14,593003183858222;311138;99515150;4368;2031;46,497252747252745;0;100000;773,9925582109018;511,5;50;25000;500,6026812118026;372;4,623606159447774;93,36;93,15
Красота / Лаки для ногтей;38549;12766;10029;33,11629354847078;26,016239072349478;348837;100793386;946;408;43,12896405919661;0;19000;511,3264416716387;322;0;7000;325,89809552298334;260;4,204185426046356;95,87;95,84
Бижутерия / Чокеры;38120;15672;9875;41,11227701993704;25,905036726128017;226339;101548135;4122;1961;47,57399320718098;25;67200;860,764611752361;559;50;22400;654,1093670886075;467;4,678034277719482;87,12;86,43
Спортивная одежда / Костюмы рыболовные;5647;2403;1722;42,55356826633611;30,494067646537985;32254;102289481;420;202;48,095238095238095;120;68187;8290,840800425005;4920;720;68187;6064,585946573751;3834,5;4,514090520922289;66,59;63,35
Дом / Фотоальбомы;37099;7709;5745;20,77953583654546;15,48559260357422;119916;103212878;1089;489;44,90358126721763;0;76000;1655,0403784468583;995;70;24150;1044,5035683202784;732;4,511624278358558;91,56;91,05
Спецодежда и СИЗы / Халаты медицинские;7379;3633;2843;49,23431359262772;38,528255861227805;72120;103457063;612;349;57,02614379084967;0;25830;2036,7805935763654;1780;98;9444;2004,105522335561;1637;4,54375;62,45;59,86
Аксессуары / Обложки;86609;22864;13415;26,399104019212782;15,489152397556836;303675;105477268;2646;1111;41,98790627362056;0;76000;780,5544458428108;477;50;25308;575,0166977264256;361;4,711021785312617;93,39;93,05
Бытовая техника / Фрезы для маникюра;24555;6479;5434;26,38566483404602;22,12991244145795;326239;109851299;972;390;40,123456790123456;0;19000;485,2667073915699;369;71;3511;410,57765918292233;339;4,411086062856385;96,71;96,68
Одежда / Карнавальные костюмы;37434;12607;5905;33,67793984078645;15,774429662873326;52043;110964381;1337;570;42,632759910246826;0;120000;3089,269674627344;2000;73;85000;2842,4846740050803;1890;4,334714043317696;77,17;73,88
Спортивные аксессуары / Сумки спортивные;31992;11416;7423;35,68392098024506;23,202675668917227;100560;113387203;3546;1509;42,554991539763115;80;169000;1759,0777381845462;1221;126;55067;1384,5096322241682;1101;4,679308808238847;90,6;89,91
Спортивная обувь / Аквасоки;2606;1408;1299;54,029163468917886;49,84650805832694;120191;114122477;236;146;61,86440677966102;100;30000;1312,4401381427474;1066;107;9061;1307,461893764434;1112;4,539933444259567;69,31;66,74
Дом / Искусственные растения;63711;15239;9290;23,91894649275635;14,581469447976016;169095;114921202;2158;969;44,902687673772014;0;138716;1894,438793928835;690;0;56139;981,6841765339075;588,5;4,552404405596298;92,6;92,11
Спортивная одежда / Тайтсы;11196;5532;3784;49,41050375133977;33,79778492318685;77159;115229824;1061;577;54,38265786993403;67;65000;2150,142640228653;1590;81;15510;1988,642177589852;1592,5;4,357343311506081;56,36;52,81
Спецодежда и СИЗы / Костюмы рабочие;17146;3757;2435;21,911816167036044;14,201563046774757;54414;115370706;655;362;55,267175572519086;0;46436;4770,617578443952;3891,5;174;20621;3143,4796714579056;2610;4,347063621533442;72,22;68,98
Спортивное питание и косметика / Добавки для суставов и связок;6354;1583;1388;24,913440352533836;21,84450739691533;137551;115697855;1096;452;41,240875912408754;15;35000;1896,4298079949638;1379,5;100;18458;1360,7377521613832;960;4,685209949184274;98;97,88
Обувь / Полусапожки;35618;13836;6203;38,84552754225392;17,415351788421585;24514;116765251;1420;695;48,94366197183099;50;85000;5437,7530181368975;4609,5;50;75385;5117,55440915686;4286;4,412849104153001;56,39;52,86
Дом / Наклейки интерьерные;118407;21958;13212;18,544511726502655;11,158124097392891;360295;117205087;2989;1224;40,950150552024084;0;88000;738,0094251184474;450;47;5200;446,94383893430216;343;4,579770824151609;94,44;94,05
Дом / Пододеяльники;32768;8089;6015;24,6856689453125;18,3563232421875;103426;118801215;499;239;47,89579158316633;0;103000;2334,835205078125;1664;500;22494;1721,1363258520366;1485;4,586347843858573;95,74;95,7
Спортивная одежда / Рашгарды;5795;3280;2515;56,60051768766178;43,39948231233822;62708;121878967;867;496;57,20876585928489;83;49500;2504,337187230371;1944;245;12988;2117,3168986083497;1840;4,588577586206896;64,79;62,01
Дом / Коврики комнатные;119274;16775;9939;14,064255411908714;8,332914130489462;66781;123842819;1971;795;40,334855403348556;0;600000;16588,00821637574;4155,5;109;48000;2846,719086427206;1763;4,624539438383116;91,12;89,06
Одежда / Блузки-боди;10719;5432;3842;50,67636906427838;35,84289579251796;83065;126946864;2116;1120;52,93005671077505;0;22499;1624,3021737102342;1349;145;11995;1647,4718896408122;1403,5;4,402049749119248;56,76;53,44
Аксессуары / Платки;97890;32772;17372;33,47839411584432;17,746450097047706;199118;128219493;3583;1516;42,310912643036566;0;140000;1120,394126059863;690;0;20690;993,2556412618006;569;4,611404477195036;83,63;82,36
Товары для животных / Игрушки для животных;79332;17709;11862;22,32264407805173;14,952352140372106;444288;128834822;5020;2258;44,9800796812749;0;77000;720,8711112791812;476;50;12710;453,6964255606137;326;4,477627964255265;96,03;95,79
Для праздника / Одноразовая посуда;58883;15882;11323;26,972131175381687;19,229658814938094;391789;129129389;1850;793;42,86486486486486;0;93500;663,230932527215;356;50;7500;368,88969354411375;270;4,617700545564761;96,21;96,07
Одежда для малышей / Комбинезоны нательные для малышей;25941;10518;7251;40,54585405342893;27,95189082918931;144310;134360733;1955;957;48,95140664961637;50;12900;942,0405535638564;750;59;10556;976,8554682112812;800;4,568649045521292;87,73;87,55
Здоровье / Контактные линзы;144672;15648;10016;10,816191108161911;6,92324706923247;132420;135624232;357;182;50,98039215686275;110;45900;3937,649752543685;2597;150;15494;1837,9799321086261;1524;4,541437388848206;95,92;95,85
Спортивная одежда / Футболки спортивные;20614;8680;5918;42,10730571456292;28,708644610458915;103294;135793787;1568;749;47,767857142857146;0;20805;1880,645920248375;1550;73;14220;1705,465190942886;1392;4,534708044099633;67,64;64,89
Все для садоводства / Семена;308320;66107;44559;21,441035288012454;14,452192527244422;592533;135976677;1826;923;50,547645125958375;0;118000;447,7837538920602;227;50;32592;236,86124015350435;150;4,229242110708743;96,69;96,68
Рукоделие / Аксессуары для рукоделия;158270;45400;29716;28,68515827383585;18,77551020408163;408257;135980713;4455;2359;52,951739618406286;0;249009;712,0827762684021;386;14;43200;485,2250639386189;330;4,651547726379546;95,7;95,5
Головные уборы / Шляпы;29063;12349;7907;42,490451777173725;27,20641365309844;101248;137584722;1379;699;50,68890500362582;0;102636;2483,845611258301;1532;100;33424;2193,202478816239;1373;4,471362849786857;60,89;57,92
Красота / Органайзеры для косметики;17767;6484;5195;36,49462486632521;29,239601508414477;264068;145723932;3964;1592;40,16145307769929;0;74000;1027,7629312770866;617;60;14400;803,2292589027911;544;4,646371037588775;94,15;93,73
Все для садоводства / Удобрения для открытого грунта;74685;13850;11282;18,54455379259557;15,106112338488318;413467;147477441;2196;937;42,66848816029144;12;193030;701,70860279842;387;50;27300;473,3025172841695;299;4,5886958017894015;96,49;96,43
Дом / Простыни;46683;9863;7601;21,127605338131655;16,282158387421546;178713;152954356;889;399;44,881889763779526;0;79000;1675,4021378231905;1122;0;11145;1225,481120905144;952;4,53880163245115;95,94;95,9
Продукты / Добавки пищевые;57925;10259;8183;17,710832973672854;14,126888217522659;207257;154190770;2897;1324;45,702450811183986;0;112500;1297,135796288304;895;90;24368;1083,4467799095687;682;4,544310151755029;90,79;90,61
Головные уборы / Панамы;56072;21795;13784;38,8696675702668;24,582679412184334;224854;155781885;4741;2201;46,42480489348239;0;72000;899,8638357825653;638,5;0;14725;822,0822692977365;600;4,568099762470308;71,77;68,9
Одежда / Дождевики;20406;4609;3805;22,586494168381847;18,64647652651181;185572;157134987;2350;972;41,361702127659576;0;49500;1205,9029207095953;1090;0;49500;1318,066491458607;832;4,3073324757338325;86,97;85,89
Спортивная одежда / Топы спортивные;10687;6163;4367;57,668195003275;40,862730420136614;130066;158543841;1570;928;59,10828025477707;50;12710;1460,7998502853934;1087;86;10019;1455,6294939317609;1192;4,5245278390973755;62,53;60,09
Красота / Декор для маникюра;83915;27254;19713;32,47810284216171;23,491628433533933;803957;158574651;1594;873;54,76787954830615;0;32338;316,76414228683785;210;0;16929;225,98508598386852;174;4,611723407593348;95,47;95,41
Красота / Ресницы для наращивания;81839;23306;15510;28,477865076552746;18,951844475127995;288365;161683514;686;317;46,20991253644315;50;25159;746,8497660039834;657,5;54;19275;664,1918117343649;588,5;4,405388019761219;95,92;95,89
Шторы и аксессуары / Шторы для ванной;76536;11424;6939;14,926309187833176;9,066321730950142;200911;166654984;2462;1075;43,66368805848903;0;73000;1345,8678530364796;1349;50;33333;1052,3767113416918;877;4,483197222775517;93,85;92,97
Белье для малышей / Боди для малышей;44749;16898;11263;37,761737692462404;25,169277525754765;209529;168902006;3365;1574;46,775631500742946;15;50000;789,8944110482915;600;96;5110;779,0817721743763;608;4,660735355081476;88,51;88,4
Белье / Корсеты;7597;3752;2807;49,38791628274319;36,94879557720153;154150;171547729;2199;993;45,15688949522511;32;72600;2183,881005660129;1300;131;26122;1888,2411827573922;1428;4,2783524196527525;75,83;75,65
Красота / Основы под гель-лаки;27340;13633;11129;49,8646671543526;40,70592538405268;461033;180998558;969;532;54,90196078431373;0;19000;612,2945501097294;474;57;11999;547,0790726929644;424;4,463616344506973;96,39;96,36
Спортивная одежда / Шорты спортивные;14256;8041;6011;56,40432098765432;42,16470258136925;161784;181183458;1820;1119;61,48351648351649;0;75000;2042,624438832772;1399;78;12300;1694,243553485277;1260;4,537681016648606;63,51;60,12
Товары для взрослых / Вибраторы;102881;8300;4560;8,067573215656925;4,432305284746455;125129;183398400;3461;1429;41,28864490031783;50;583000;4263,509724827713;2944;50;117975;1890,2225877192982;1300;4,323268817204301;92,45;92,33
Красота / Гели для моделирования ногтей;22196;10392;8619;46,81924671111912;38,831320958731304;420306;184400449;753;444;58,96414342629482;40;19000;785,9353036583168;544;80;11277;654,6925397377886;506;4,548568601990973;96,39;96,38
Спортивная обувь / Бутсы;10728;4637;3781;43,223340790454884;35,24422073079791;60192;185859118;294;183;62,244897959183675;0;78000;4497,144388516032;2999;690;78000;4004,2311557788944;2673;4,23605787065661;55,48;52,46
Бижутерия / Кольца;83159;27342;17183;32,879183251361844;20,662826633316897;544564;186651903;4792;2212;46,16026711185309;0;80000;994,4482858139228;600;50;78630;627,4507361927486;430;4,495515151515152;89,2;88,63
Дом / Наволочки;59966;15492;12369;25,83463962912317;20,626688456792184;393910;186914687;1208;572;47,35099337748344;0;80004;725,9215388720274;537;98;10792;653,2933947772657;529;4,597381074168798;96,64;96,61
Рукоделие / Пряжа;246351;55355;33610;22,469971707035892;13,643135201399629;354285;196348008;1092;617;56,501831501831504;0;105335;951,6378987704535;780;50;8635;725,294763463255;625;4,7554127038490925;95,89;95,63
Одежда для малышей / Комбинезоны для малышей;40375;17919;10541;44,38142414860681;26,107739938080496;125792;196717981;3781;1608;42,528431631843425;0;40000;2133,0557523219813;1421;60;34680;1975,0762735983303;1435;4,617099785543081;78,92;76,13
Аксессуары / Косметички;65204;18771;12517;28,788111158824613;19,19667505061039;427832;199114088;5273;2454;46,53897212213162;0;117000;1208,1691460646587;560;68;32400;729,7388351841496;455;4,713859547654562;93,08;92,75
Рукоделие / Ткани для рукоделия;267801;70216;41448;26,2194689340219;15,477164013577244;313788;205240502;2566;1349;52,57209664848013;0;95000;1475,9024760923223;1000;52;13936;921,3879559930515;720;4,708663195994894;93,38;93,11
Мебель / Чехлы для мебели;34392;11773;8387;34,231798092579666;24,38648522912305;114477;207391348;993;402;40,483383685800604;0;126000;2921,2464817399396;2421;61;20377;2418,1162513413615;2057,5;4,566490287544385;85,8;79,74
Ювелирные украшения / Ювелирные подвески;78361;34222;16521;43,67223491277549;21,083191893926827;116288;218539280;970;549;56,5979381443299;0;492800;6839,3712178251935;2224,5;0;164990;3420,800254221899;1496;4,77021131394867;87,41;87,36
Для праздника / Воздушные шарики;170001;48897;27377;28,762771983694215;16,10402291751225;642726;233130806;2851;1175;41,2136092599088;0;100000;581,0680348939123;353;50;16330;328,37911385469556;259;4,429549209346235;94,5;94,32
Ювелирные украшения / Ювелирные браслеты;31187;14208;7445;45,55744380671433;23,872126206432167;83980;234250218;970;497;51,23711340206186;0;624960;12640,37845897329;3423;0;311987;6789,8736064472805;2478;4,616163359217716;84,66;84,56
Хозяйственные товары / Защита от насекомых;60565;12423;10256;20,511846776190872;16,933872698753405;639510;242210109;3798;1574;41,442864665613484;0;499999;666,4090811524808;397;50;73990;468,7520475819033;306;4,1755049214944995;95,65;95,61
Ювелирные украшения / Ювелирные цепочки;14557;6427;3711;44,15058047674658;25,49289001854778;80245;246505577;494;252;51,01214574898785;0;601200;10502,507316067871;3202,5;246;251030;8283,500673672865;2157;4,549913301956899;86,16;86,09
Обувь / Резиновые сапоги;19019;8080;6048;42,483831957516166;31,79977916820022;164638;248802783;1014;554;54,63510848126232;0;100000;1759,5797360534202;1440;192;100000;1844,524966931217;1600;4,473670870033585;63,52;60,3
Дом / Простыни натяжные;48961;13951;10733;28,49410755499275;21,921529380527357;288444;258418895;789;382;48,415716096324466;0;38800;1378,900042891281;1140;188;9047;1180,1184198267026;1045;4,56154026034765;95,9;95,85
Аксессуары / Сумки хозяйственные;276207;27495;17050;9,954490653748818;6,17290655197008;466084;265873107;6112;2742;44,86256544502618;0;143200;755,18184187946;768;64;12800;671,6346627565982;520;4,692302791890299;90,45;89,87
Одежда / Бриджи;16723;8115;6689;48,52598218023082;39,99880404233691;307045;269751904;1901;1024;53,86638611257233;0;97000;1037,0248759193923;740;147;11925;1058,2880849155329;810;4,535427622474398;73,42;70,71
Одежда для малышей / Костюмы для малышей;64209;26470;16128;41,22475042439533;25,11797411577816;207686;276602051;5243;2373;45,26034712950601;0;105301;1599,0890529365042;1247,5;0;12600;1473,2943948412699;1316,5;4,5382777671124765;77;74,27
Дом / Люстры;153381;10492;5609;6,840482197925428;3,656906657278281;77735;302464094;905;394;43,53591160220994;0;555674;20756,4065888213;13600;175;129731;5978,51702620788;4080;4,231041355256602;88,34;86,69
Красота / Гель-лаки;144111;55279;38688;38,35862633664328;26,84597289589275;947751;304151031;1472;778;52,85326086956522;0;56250;397,6407977184254;300;54;56250;360,1662789495451;279;4,37676698048177;95,75;95,73
Спортивная одежда / Майки спортивные;18456;9358;7764;50,704377980060684;42,06762028608583;375353;306602749;1894;1012;53,431890179514255;0;97000;1242,678478543563;829;100;10799;1147,0911901081915;820,5;4,553622015378389;76,22;74,33
Книжная продукция и диски / Учебники;190749;38488;25306;20,17730106055602;13,266648842195766;811213;308748856;604;352;58,27814569536424;0;100000;810,3808722457261;496;0;36170;526,2838457282858;342;4,693820517271307;95,7;95,66
Аксессуары / Ремни;115441;40245;24075;34,86196412019993;20,85480895002642;462285;308916697;6317;2600;41,15877790090233;0;100000;1374,9364004123317;797,5;0;29762;1219,5943094496365;800;4,488161825671532;85,13;83,81
Обувь / Слипоны;30176;13788;10534;45,69194061505833;34,90853658536585;183413;320202328;1576;982;62,309644670050766;0;86000;2081,121454135737;1400;160;86000;2096,2478640592367;1435;4,434114424832623;55,56;51,15
Аксессуары / Кошельки;133818;42562;21976;31,805885605822834;16,422304921609946;298924;322893426;6913;2876;41,60277737595834;0;172000;2294,0641542991225;1192;0;172000;1873,158309064434;990;4,591470339494986;87,54;86,67
Одежда / Водолазки;97828;39208;22411;40,07850513145521;22,908574232326124;387294;328150982;10195;4220;41,392839627268266;0;100000;1302,171658420902;907;50;97000;1202,0439070099505;891;4,399787073698817;75,29;73,15
Бижутерия / Браслеты;198810;61490;36737;30,92902771490368;18,47844675821136;778820;351027644;10824;4788;44,2350332594235;0;81630;957,3941854031488;612;0;81630;698,4326700601573;480;4,573061467480279;89,77;89,16
Бижутерия / Серьги;272188;95905;52129;35,234837685717224;19,15183623084045;993517;355823039;11278;5082;45,06118106047172;0;150000;870,0122709303863;526;0;44998;577,9293099810086;401;4,513955398825863;90,28;89,72
Одежда / Кофты;63768;23849;14456;37,399636181156694;22,66967758123197;233665;364735571;6379;2668;41,824737419658256;0;100000;1903,1820191945803;1520;0;25980;1856,7513835085776;1600;4,435614574097367;61,6;58,43
Одежда / Бомберы;19559;9641;7476;49,29188608824582;38,22281302725088;135588;386658538;3961;2054;51,85559202221661;0;85500;3853,3218978475384;2907;0;85500;3757,7980203317284;2999;4,525053506231902;59,48;55,46
Белье / Майки бельевые;40002;18222;13733;45,552722363881806;34,33078346082696;616261;392577580;4021;2008;49,93782641134046;0;50000;798,3954552272386;609;70;7410;742,515546493847;615;4,530555555555556;78,24;78,1
Красота / Масла;64810;16258;13206;25,085634932880726;20,37648511032248;985796;395834614;6981;2961;42,41512677266867;0;100000;1062,9066347785836;550;21;24900;693,5034075420264;427;4,476482937987654;95,59;95,56
Белье / Плавки;31651;16865;12873;53,28425642159806;40,671700736153674;406175;408077259;1567;996;63,56094447989789;0;88000;1546,0906132507662;975;12;13990;1369,8773401693468;1026;4,538331143789465;62,19;62,02
Головные уборы / Бейсболки;171309;56895;37242;33,21191531092938;21,739663415232126;608634;432853094;7110;3567;50,16877637130802;0;81000;1176,4001074082505;878,5;0;22727;1080,103324203856;804,5;4,485356922374352;78,16;76,65
Одежда / Свитеры;122285;50715;25487;41,47278897657113;20,842294639571495;257801;451744013;11021;4520;41,012612285636514;0;199000;2378,9732837224515;1820;50;95000;2223,577627810256;1800;4,402662745568759;66,37;63,83
Шторы и аксессуары / Тюль;272354;43826;23211;16,09155731144026;8,522364275905623;468293;513708618;1877;1019;54,288758657432076;0;80000;2950,7305271815358;2299;121;23327;1703,187928137521;1424;4,528296039739325;91,41;89,32
Одежда / Велосипедки;18866;11151;8953;59,106328845542244;47,455740485529525;910090;553066671;4545;2501;55,027502750275026;0;97000;956,8638821159758;667;80;10559;913,6589969842511;695;4,4850789187807525;69,87;67,74
Обувь / Тапочки;85506;35044;25539;40,98425841461418;29,868079433022245;729497;556230306;4939;2202;44,58392387122899;0;118000;1124,598449231633;790;0;33333;1145,4288734876072;844;4,58742147048671;85,62;84,22
Аксессуары / Солнцезащитные очки;161085;68273;39473;42,38321383120713;24,504454170158613;901256;573464861;5072;2716;53,548895899053626;0;101072;2375,872737995468;1140;0;100030;1905,0941402984317;945;4,39458446714547;74,2;72,99
Обувь / Полуботинки;63681;30409;19901;47,75207675758861;31,251079599880658;220222;628276935;2060;1153;55,970873786407765;0;249999;4040,067885240496;2998;100;50735;3509,8749309079944;2813;4,460787049958135;61,2;57,4
Одежда / Ночные сорочки;57701;24340;17634;42,18297776468346;30,560995476681512;662459;630575232;3271;1772;54,173035768878016;0;85000;1530,708843867524;970;0;19057;1314,2790064647838;960;4,715408805031447;81,71;80,3
Одежда / Свитшоты;159059;40197;23106;25,271754506189527;14,526685066547634;360110;640668413;8354;3945;47,22288723964567;0;97000;2242,9110895956846;2166,5;50;95000;2151,283346316974;1748;4,480058169283387;64,92;61,8
Одежда / Леггинсы;78382;36401;23829;46,44050930060473;30,40111250031895;696485;667818613;12034;5690;47,282699019444905;0;100000;1136,0910157944427;787,5;0;30000;1192,1091946787528;862,5;4,385669643565299;67,88;65,29
Здоровье / БАДы;69198;19287;16403;27,87219283794329;23,704442324922685;937119;681199682;3249;1763;54,26285010772545;0;145000;1710,5993670337293;1147;44;145000;1134,3403036029995;744;4,6255386123796995;97,65;97,55
Ювелирные украшения / Ювелирные кольца;118999;63568;26328;53,4189362935823;22,12455566853503;215139;690418680;1024;607;59,27734375;0;648150;11425,624786762914;2746,5;134;484970;5621,448913704041;1920;4,702744285355438;75,08;74,9
Ювелирные украшения / Ювелирные серьги;182774;86216;36979;47,17082298357534;20,232089903377943;257289;696913952;1202;684;56,90515806988353;0;650000;11155,424819722717;3226;0;479808;5446,5561264501475;2092;4,600971561582836;83,09;82,98
Одежда / Джемперы;153912;65900;36105;42,8166744633297;23,45820988616872;431906;703259688;7349;3349;45,57082596271602;0;199000;2452,2121731898746;1746;0;199000;2350,4146794072844;1799;4,4599763359331615;68,58;65,6
Одежда / Толстовки;152606;35381;22632;23,184540581628507;14,830347430638376;320930;715270234;6205;2781;44,81869460112812;0;100000;2635,874533111411;2490;71;100000;2616,7752739483917;2000;4,470933212724257;66,75;63,42
Спортивная одежда / Брюки спортивные;55620;28905;19753;51,968716289104634;35,51420352391226;582204;735358896;5754;3192;55,47445255474452;0;85000;2118,722977346278;1408;150;35990;1953,673619197084;1422;4,494967489088804;64,96;61,35
Одежда / Халаты домашние;66516;31644;22118;47,57351614649107;33,25214985868062;523373;779474728;3834;2034;53,05164319248826;0;100000;2068,6105297973418;1443,5;199;36399;1960,0407812641288;1519;4,610398402916413;78,58;76,27
Шторы и аксессуары / Шторы интерьерные;315285;46082;25578;14,61598236516168;8,11265997430896;404156;811082915;2217;1108;49,97744700045106;0;167500;3701,7057360800545;3199;0;39650;2708,4892485729924;2400;4,48487832453477;84,84;80,86
Одежда / Футболки-поло;49355;23685;17985;47,989058859284775;36,440076993212436;598647;832725322;3138;1852;59,018483110261315;25;96000;2291,3307061088035;1609;25;70000;2208,530886850153;1665;4,386823712140823;69,92;66,15
Одежда / Кардиганы;92903;38633;25176;41,58423301723303;27,099232532856853;390663;883443569;9823;4093;41,667515015779294;0;162828;2772,5977632584522;2098;272;60000;2766,0836113759137;2184;4,508548958557011;58,63;54,84
Одежда / Жилеты;70538;31379;21488;44,48524199722136;30,463012844140746;372175;907652030;9274;4263;45,96722018546474;0;140875;3026,9783662706627;2157;0;68640;2952,0586839166044;2297;4,543813887909764;55,1;50,82
Белье / Комплекты белья;75224;33797;24173;44,92848027225354;32,134691056045945;975118;961090061;7792;3823;49,063141683778234;0;100000;1255,3698819525682;934;0;20000;1192,0259793985024;925;4,496165886946428;74,56;74,47
Смартфоны и аксессуары / Чехлы для телефонов;2534199;419719;199777;16,562195786518735;7,883240424291857;3210875;966109163;7519;3036;40,37770980183535;0;727220;491,34541210062827;318;0;70000;409,915400671749;318;4,4432840955680835;94,08;93,54
Одежда / Лонгсливы;96486;43716;30142;45,308127604004724;31,23976535455921;839494;981155829;9388;5318;56,64678312739668;0;193030;1376,894886304749;1017;0;50000;1361,2077831597107;1113;4,554622693680559;70,87;68,34
Одежда / Худи;125730;42066;25643;33,45740873299928;20,3952914976537;481175;1072843012;10618;4609;43,40742135995479;0;165000;2553,7673268114213;2020;206;97000;2606,250516710213;2131;4,509377913119135;65,69;62,67
Одежда / Туники;89895;43766;30697;48,68568885922465;34,14761666388564;882842;1255799060;6328;3433;54,25094816687737;0;230000;1802,5079036653874;1339,5;0;100000;1758,7560347916735;1401,5;4,55432363849307;66,44;63,69
Обувь / Шлепанцы;63597;33847;27688;53,22106388666132;43,53664481028979;1156776;1289805475;3516;2156;61,319681456200236;0;85000;1633,1619258770068;976;0;50000;1574,6198353077145;1079;4,3619181681681685;61,73;58,93
Обувь / Сабо;60100;31589;25221;52,56073211314476;41,96505823627288;704492;1291407877;2483;1627;65,52557390253726;0;152000;2644,015524126456;2040;0;41890;2726,6619087268546;2100;4,443063744790367;57,63;53,53
Книжная продукция и диски / Книги;2106200;279946;155764;13,291520273478302;7,39549900294369;3019753;1347299956;3901;1766;45,27044347603179;0;1586647;1105,281326559681;836;52;79500;604,89656146478;441;4,692264383801701;95,8;95,78
Обувь / Ботинки;266140;118323;59432;44,458931389494246;22,331103930262266;388509;1586620674;5422;3052;56,289192180007376;0;129400;5297,055376869317;4181;0;104500;4946,330562659847;4179;4,397543189029708;56,35;52,6
Одежда / Пижамы;189104;78028;49114;41,26195109569338;25,971951941788646;1366452;1662661241;12980;6222;47,935285053929114;0;187000;1596,7845682798884;1154;0;187000;1533,36401026184;1171,5;4,5886296240035405;79,52;77,71
Белье / Бюстгальтеры;107264;48922;37892;45,60896479713603;35,32592482100238;1556656;1698252514;4036;2202;54,5589692765114;0;100100;2244,0848560560858;1426;85;20200;1751,1800643935396;1298;4,467999477329152;70,99;70,89
Одежда / Топы;150890;80305;61432;53,220889389621576;40,71310225992445;2728933;2570358966;15424;9242;59,919605809128626;0;199000;1217,85485452979;882;0;199000;1190,263527151973;920;4,411977711271681;69,29;67,29
Одежда / Блузки;190389;90923;64172;47,756435508353945;33,70572879735699;1790738;2826727397;10892;5960;54,719059860448034;0;95000;2064,45091890813;1532;0;62496;2072,7174936109204;1624;4,404785889418965;57,86;53,83
Белье / Трусы;364447;133577;94317;36,65196859900068;25,879483162160753;4359750;3100711231;15965;8299;51,98246163482618;0;100000;952,17153660203;600;0;85000;776,8669805019243;599;4,500827520762739;90,1;90,03
Аксессуары / Сумки;635444;207486;125030;32,65212984936517;19,676006068197985;2303342;3591935234;31648;13939;44,04385743174924;0;499999;3864,453097361845;2190;0;182160;3352,3358074062226;1890;4,514609865636268;79,96;78,42
Спортивная одежда / Костюмы спортивные;231960;108394;74088;46,72960855319883;31,939989653388515;1625654;3743787719;20064;9859;49,13775917065391;0;212000;2943,0636661493363;2240;0;212000;2926,3038278803583;2357;4,446057558089729;59,43;55,86
Одежда / Рубашки;216416;98931;73333;45,71334836610972;33,88520257282271;2107107;3856222846;16890;9286;54,97927767910006;0;249999;2382,6395183350583;1828;0;119300;2289,3872335783344;1800;4,422934489628501;55,91;51,76
Одежда / Шорты;162325;84419;67606;52,00616048051748;41,64854458647775;2862875;3941106156;14274;9163;64,19363878380271;0;100000;1567,168131834283;1056;0;100000;1564,992190042304;1199;4,578230008306275;56,63;52,77
Обувь / Кроссовки;345192;169441;123165;49,08601589839857;35,6801432246402;2346058;6425339851;8666;4971;57,36210477729056;0;168000;3776,757419059538;2600;0;90000;3608,8514188284007;2648;4,325190105455381;58,37;54,94
Одежда / Футболки;1186285;367446;224869;30,974512870010155;18,955731548489613;7716354;6790749990;27737;15390;55,4854526444821;0;193030;1203,6536161209153;1056;0;135000;1219,0593945808448;926;4,5542846496071405;77,99;76,05
undefined / Итого;;;;;;;;;;;;;;;;;;;;;